year,sending_name,amount,receiving_name
2014,Austria,0.164,Algeria
2014,Austria,0.259,Libya
2014,Austria,0.243,Morocco
2014,Austria,0.595,Tunisia
2014,Austria,3.053,Egypt
2014,Austria,0.403,South Africa
2014,Austria,0.024,Angola
2014,Austria,0.075,Burundi
2014,Austria,0.28,Cameroon
2014,Austria,0.265,Cabo Verde
2014,Austria,1.04,Central African Republic
2014,Austria,0.273,Chad
2014,Austria,0.011,Congo
2014,Austria,0.418,Democratic Republic of the Congo
2014,Austria,0.035,Benin
2014,Austria,9.673,Ethiopia
2014,Austria,0.093,Gabon
2014,Austria,0.08,Gambia
2014,Austria,3.264,Ghana
2014,Austria,0.027,Guinea
2014,Austria,0.024,Equatorial Guinea
2014,Austria,0.056,Côte d'Ivoire
2014,Austria,2.063,Kenya
2014,Austria,0.035,Madagascar
2014,Austria,0.08,Malawi
2014,Austria,0.414,Mali
2014,Austria,0.012,Mauritania
2014,Austria,0.011,Mauritius
2014,Austria,7.094,Mozambique
2014,Austria,0.062,Niger
2014,Austria,0.862,Nigeria
2014,Austria,0.347,Zimbabwe
2014,Austria,0.136,Rwanda
2014,Austria,0.012,São Tomé and Principe
2014,Austria,2.159,Senegal
2014,Austria,0.771,Sierra Leone
2014,Austria,0.154,Somalia
2014,Austria,0.037,Namibia
2014,Austria,0.296,Sudan
2014,Austria,1.359,South Sudan
2014,Austria,2.774,Tanzania
2014,Austria,0.075,Togo
2014,Austria,12.157,Uganda
2014,Austria,4.866,Burkina Faso
2014,Austria,0.024,Zambia
2014,Belgium,9.11,Algeria
2014,Belgium,0.1,Libya
2014,Belgium,19.57,Morocco
2014,Belgium,0.66,Tunisia
2014,Belgium,0.95,Egypt
2014,Belgium,19.25,South Africa
2014,Belgium,0.33,Angola
2014,Belgium,62.41,Burundi
2014,Belgium,9.56,Cameroon
2014,Belgium,6.45,Central African Republic
2014,Belgium,0.15,Comoros
2014,Belgium,0.01,Congo
2014,Belgium,150.61,Democratic Republic of the Congo
2014,Belgium,21.25,Benin
2014,Belgium,3.36,Ethiopia
2014,Belgium,0.27,Gambia
2014,Belgium,2.72,Ghana
2014,Belgium,3.74,Guinea
2014,Belgium,0.47,Guinea-Bissau
2014,Belgium,0.59,Côte d'Ivoire
2014,Belgium,8.59,Kenya
2014,Belgium,7,Liberia
2014,Belgium,3.19,Madagascar
2014,Belgium,8.34,Malawi
2014,Belgium,19.34,Mali
2014,Belgium,0.58,Mauritania
2014,Belgium,21.09,Mozambique
2014,Belgium,17.38,Niger
2014,Belgium,0.15,Nigeria
2014,Belgium,3.86,Zimbabwe
2014,Belgium,42.19,Rwanda
2014,Belgium,18.49,Senegal
2014,Belgium,0.01,Seychelles
2014,Belgium,1.37,Sierra Leone
2014,Belgium,0.02,Somalia
2014,Belgium,0.2,Namibia
2014,Belgium,0.91,Sudan
2014,Belgium,5.73,South Sudan
2014,Belgium,16.96,Tanzania
2014,Belgium,0.79,Togo
2014,Belgium,24.17,Uganda
2014,Belgium,10.57,Burkina Faso
2014,Belgium,1.15,Zambia
2014,Belgium,3.16,Kenya
2014,Belgium,0.98,Senegal
2014,Denmark,2.127,Libya
2014,Denmark,0.055,Morocco
2014,Denmark,5.75,Tunisia
2014,Denmark,3.221,Egypt
2014,Denmark,2.331,South Africa
2014,Denmark,0.516,Burundi
2014,Denmark,4.877,Central African Republic
2014,Denmark,0.73,Benin
2014,Denmark,16.872,Ethiopia
2014,Denmark,47.942,Ghana
2014,Denmark,0.133,Guinea-Bissau
2014,Denmark,0.748,Côte d'Ivoire
2014,Denmark,49.605,Kenya
2014,Denmark,0.204,Liberia
2014,Denmark,0.082,Malawi
2014,Denmark,34.959,Mali
2014,Denmark,67.635,Mozambique
2014,Denmark,10.46,Niger
2014,Denmark,32.424,Zimbabwe
2014,Denmark,4.147,Sierra Leone
2014,Denmark,36.333,Somalia
2014,Denmark,8.365,Sudan
2014,Denmark,38.433,South Sudan
2014,Denmark,70.769,Tanzania
2014,Denmark,51.258,Uganda
2014,Denmark,70.422,Burkina Faso
2014,Denmark,42.374,Zambia
2014,Denmark,1.255,Angola
2014,Denmark,4.355,Kenya
2014,Denmark,0.18,Uganda
2014,France,128.64,Algeria
2014,France,4.49,Libya
2014,France,201.14,Morocco
2014,France,93.72,Tunisia
2014,France,46.53,Egypt
2014,France,10.14,South Africa
2014,France,5.32,Angola
2014,France,0.77,Botswana
2014,France,12.17,Burundi
2014,France,131.11,Cameroon
2014,France,2.08,Cabo Verde
2014,France,49.1,Central African Republic
2014,France,33.53,Chad
2014,France,27.85,Comoros
2014,France,47.47,Congo
2014,France,39.72,Democratic Republic of the Congo
2014,France,42.99,Benin
2014,France,14.35,Ethiopia
2014,France,32.05,Gabon
2014,France,0.35,Gambia
2014,France,5,Ghana
2014,France,103.08,Guinea
2014,France,3.37,Guinea-Bissau
2014,France,4.05,Equatorial Guinea
2014,France,334.86,Côte d'Ivoire
2014,France,14.97,Kenya
2014,France,0.14,Lesotho
2014,France,1.48,Liberia
2014,France,69.52,Madagascar
2014,France,3.89,Malawi
2014,France,79.49,Mali
2014,France,30.48,Mauritania
2014,France,13.92,Mauritius
2014,France,10.94,Mozambique
2014,France,58.18,Niger
2014,France,7.59,Nigeria
2014,France,2.65,Zimbabwe
2014,France,7.24,Rwanda
2014,France,1.53,São Tomé and Principe
2014,France,108.08,Senegal
2014,France,2.04,Seychelles
2014,France,0.22,Eritrea
2014,France,0.19,Sierra Leone
2014,France,1.61,Somalia
2014,France,41.43,Djibouti
2014,France,0.74,Namibia
2014,France,4.76,Sudan
2014,France,2.89,South Sudan
2014,France,0.15,Swaziland
2014,France,3.32,Tanzania
2014,France,35.44,Togo
2014,France,1.47,Uganda
2014,France,68.97,Burkina Faso
2014,France,0.47,Zambia
2014,France,493.4,Morocco
2014,France,81.45,Tunisia
2014,France,65.06,Egypt
2014,France,128.05,South Africa
2014,France,91.14,Cameroon
2014,France,7.43,Cabo Verde
2014,France,4.07,Congo
2014,France,0.26,Democratic Republic of the Congo
2014,France,46.74,Ethiopia
2014,France,69.97,Gabon
2014,France,66.54,Ghana
2014,France,112.72,Kenya
2014,France,34.5,Mali
2014,France,0.36,Mauritania
2014,France,78.69,Mauritius
2014,France,74.57,Mozambique
2014,France,0.95,Niger
2014,France,74.27,Nigeria
2014,France,207.15,Senegal
2014,France,0.51,Seychelles
2014,France,19.48,Tanzania
2014,France,0.93,Togo
2014,France,8.22,Uganda
2014,France,7.7,Burkina Faso
2014,France,24.85,Zambia
2014,Germany,7.182,Algeria
2014,Germany,5.803,Libya
2014,Germany,55.657,Morocco
2014,Germany,59.225,Tunisia
2014,Germany,151.947,Egypt
2014,Germany,75.746,South Africa
2014,Germany,4.235,Angola
2014,Germany,0.231,Botswana
2014,Germany,25.851,Burundi
2014,Germany,88.31,Cameroon
2014,Germany,0.489,Cabo Verde
2014,Germany,27.858,Central African Republic
2014,Germany,13.615,Chad
2014,Germany,0.649,Congo
2014,Germany,91.548,Democratic Republic of the Congo
2014,Germany,77.705,Benin
2014,Germany,59.555,Ethiopia
2014,Germany,1.814,Gabon
2014,Germany,0.356,Gambia
2014,Germany,34.35,Ghana
2014,Germany,14.631,Guinea
2014,Germany,0.3,Guinea-Bissau
2014,Germany,0.05,Equatorial Guinea
2014,Germany,18.732,Côte d'Ivoire
2014,Germany,78.652,Kenya
2014,Germany,4.298,Lesotho
2014,Germany,41.001,Liberia
2014,Germany,18.177,Madagascar
2014,Germany,33.975,Malawi
2014,Germany,74.656,Mali
2014,Germany,14.442,Mauritania
2014,Germany,0.476,Mauritius
2014,Germany,78.095,Mozambique
2014,Germany,26.889,Niger
2014,Germany,48.266,Nigeria
2014,Germany,35.587,Zimbabwe
2014,Germany,35.768,Rwanda
2014,Germany,0.002,São Tomé and Principe
2014,Germany,22.768,Senegal
2014,Germany,0.011,Seychelles
2014,Germany,0.489,Eritrea
2014,Germany,25.048,Sierra Leone
2014,Germany,26.645,Somalia
2014,Germany,1.101,Djibouti
2014,Germany,40.072,Namibia
2014,Germany,17.502,Sudan
2014,Germany,91.73,South Sudan
2014,Germany,0.252,Swaziland
2014,Germany,52.123,Tanzania
2014,Germany,28.792,Togo
2014,Germany,48.216,Uganda
2014,Germany,49.846,Burkina Faso
2014,Germany,38.18,Zambia
2014,Germany,421.478,Morocco
2014,Germany,15.228,Tunisia
2014,Germany,123.94,Egypt
2014,Germany,68.981,South Africa
2014,Germany,0.245,Cameroon
2014,Germany,0.967,Democratic Republic of the Congo
2014,Germany,2.349,Ghana
2014,Germany,43.546,Kenya
2014,Germany,0.002,Mozambique
2014,Germany,13.931,Nigeria
2014,Germany,0.119,Namibia
2014,Italy,0.76,Algeria
2014,Italy,0.73,Libya
2014,Italy,3.1,Morocco
2014,Italy,3.94,Tunisia
2014,Italy,21.85,Egypt
2014,Italy,10.19,South Africa
2014,Italy,1.67,Angola
2014,Italy,0.52,Burundi
2014,Italy,3.09,Cameroon
2014,Italy,0.03,Cabo Verde
2014,Italy,0.9,Central African Republic
2014,Italy,0.23,Chad
2014,Italy,0.09,Comoros
2014,Italy,0.69,Congo
2014,Italy,8.45,Democratic Republic of the Congo
2014,Italy,1.42,Benin
2014,Italy,30.09,Ethiopia
2014,Italy,0.08,Gabon
2014,Italy,0.02,Gambia
2014,Italy,1.4,Ghana
2014,Italy,2.2,Guinea
2014,Italy,0.99,Guinea-Bissau
2014,Italy,0.54,Côte d'Ivoire
2014,Italy,7.56,Kenya
2014,Italy,4.53,Madagascar
2014,Italy,0.34,Malawi
2014,Italy,2.69,Mali
2014,Italy,1.05,Mauritania
2014,Italy,23.66,Mozambique
2014,Italy,3.44,Niger
2014,Italy,0.12,Nigeria
2014,Italy,0.19,Zimbabwe
2014,Italy,2.96,Rwanda
2014,Italy,7.16,Senegal
2014,Italy,0.09,Seychelles
2014,Italy,0.97,Eritrea
2014,Italy,9.96,Sierra Leone
2014,Italy,7.6,Somalia
2014,Italy,0.21,Djibouti
2014,Italy,0.2,Namibia
2014,Italy,8.83,Sudan
2014,Italy,8.04,South Sudan
2014,Italy,0.19,Swaziland
2014,Italy,4.96,Tanzania
2014,Italy,1.1,Togo
2014,Italy,7.08,Uganda
2014,Italy,7.37,Burkina Faso
2014,Italy,0.38,Zambia
2014,Italy,19.07,Tunisia
2014,Netherlands,0.066,Algeria
2014,Netherlands,0.382,Libya
2014,Netherlands,1.285,Morocco
2014,Netherlands,2.106,Tunisia
2014,Netherlands,0.878,Egypt
2014,Netherlands,3.103,South Africa
2014,Netherlands,0.051,Angola
2014,Netherlands,0.169,Botswana
2014,Netherlands,27.642,Burundi
2014,Netherlands,17.498,Central African Republic
2014,Netherlands,9.942,Democratic Republic of the Congo
2014,Netherlands,42.579,Benin
2014,Netherlands,89.953,Ethiopia
2014,Netherlands,31.041,Ghana
2014,Netherlands,32.534,Kenya
2014,Netherlands,6.791,Liberia
2014,Netherlands,44.363,Mali
2014,Netherlands,47.675,Mozambique
2014,Netherlands,2.588,Nigeria
2014,Netherlands,2.002,Zimbabwe
2014,Netherlands,50.656,Rwanda
2014,Netherlands,4.251,Senegal
2014,Netherlands,7.954,Sierra Leone
2014,Netherlands,6.243,Somalia
2014,Netherlands,1.327,Djibouti
2014,Netherlands,0.122,Namibia
2014,Netherlands,5.907,Sudan
2014,Netherlands,54.803,South Sudan
2014,Netherlands,0.596,Tanzania
2014,Netherlands,21.923,Uganda
2014,Netherlands,0.042,Zambia
2014,Norway,0.055,Algeria
2014,Norway,0.497,Morocco
2014,Norway,1.051,Tunisia
2014,Norway,2.595,Egypt
2014,Norway,9.844,South Africa
2014,Norway,12.226,Angola
2014,Norway,0.141,Botswana
2014,Norway,7.228,Burundi
2014,Norway,1.065,Cameroon
2014,Norway,0.058,Cabo Verde
2014,Norway,18.458,Central African Republic
2014,Norway,0.486,Congo
2014,Norway,36.445,Democratic Republic of the Congo
2014,Norway,60.68,Ethiopia
2014,Norway,0.097,Gabon
2014,Norway,0.197,Gambia
2014,Norway,6.495,Ghana
2014,Norway,0.657,Guinea
2014,Norway,0.022,Guinea-Bissau
2014,Norway,1.092,Côte d'Ivoire
2014,Norway,16.925,Kenya
2014,Norway,1.124,Lesotho
2014,Norway,38.528,Liberia
2014,Norway,11.376,Madagascar
2014,Norway,84.96,Malawi
2014,Norway,20.172,Mali
2014,Norway,0.762,Mauritania
2014,Norway,0.113,Mauritius
2014,Norway,59.294,Mozambique
2014,Norway,10.399,Niger
2014,Norway,12.658,Nigeria
2014,Norway,21.477,Zimbabwe
2014,Norway,2.287,Rwanda
2014,Norway,0.335,São Tomé and Principe
2014,Norway,1.009,Senegal
2014,Norway,0.135,Eritrea
2014,Norway,1.489,Sierra Leone
2014,Norway,63.379,Somalia
2014,Norway,0.476,Djibouti
2014,Norway,1.49,Namibia
2014,Norway,28.884,Sudan
2014,Norway,95.939,South Sudan
2014,Norway,0.694,Swaziland
2014,Norway,72.04,Tanzania
2014,Norway,0.17,Togo
2014,Norway,65.25,Uganda
2014,Norway,0.745,Burkina Faso
2014,Norway,31.036,Zambia
2014,Portugal,0.081,Algeria
2014,Portugal,0.494,Morocco
2014,Portugal,0.072,Tunisia
2014,Portugal,0.123,Egypt
2014,Portugal,1.621,South Africa
2014,Portugal,4.899,Angola
2014,Portugal,0.073,Botswana
2014,Portugal,0.028,Cameroon
2014,Portugal,30.341,Cabo Verde
2014,Portugal,0.139,Central African Republic
2014,Portugal,0.025,Congo
2014,Portugal,0.028,Democratic Republic of the Congo
2014,Portugal,0.049,Ethiopia
2014,Portugal,0.004,Gambia
2014,Portugal,0.008,Ghana
2014,Portugal,0.043,Guinea
2014,Portugal,11.158,Guinea-Bissau
2014,Portugal,0.136,Equatorial Guinea
2014,Portugal,0.09,Côte d'Ivoire
2014,Portugal,0.116,Mali
2014,Portugal,0.004,Mauritania
2014,Portugal,29.126,Mozambique
2014,Portugal,0.013,Nigeria
2014,Portugal,0.084,Zimbabwe
2014,Portugal,0.206,Rwanda
2014,Portugal,13.383,São Tomé and Principe
2014,Portugal,0.078,Senegal
2014,Portugal,0.088,Sierra Leone
2014,Portugal,0.069,Somalia
2014,Portugal,0.361,Namibia
2014,Portugal,0.124,Swaziland
2014,Portugal,0.008,Tanzania
2014,Portugal,0.004,Togo
2014,Portugal,111.335,Cabo Verde
2014,Portugal,35.615,Mozambique
2014,Sweden,0.833,Algeria
2014,Sweden,7.22,Libya
2014,Sweden,0.278,Morocco
2014,Sweden,6.128,Tunisia
2014,Sweden,11.17,Egypt
2014,Sweden,7.38,South Africa
2014,Sweden,1.452,Angola
2014,Sweden,0.572,Botswana
2014,Sweden,1.284,Burundi
2014,Sweden,2.243,Cameroon
2014,Sweden,0.129,Cabo Verde
2014,Sweden,12.871,Central African Republic
2014,Sweden,10.272,Chad
2014,Sweden,0.468,Congo
2014,Sweden,61.943,Democratic Republic of the Congo
2014,Sweden,0.858,Benin
2014,Sweden,35.266,Ethiopia
2014,Sweden,0.628,Gambia
2014,Sweden,0.827,Ghana
2014,Sweden,2.173,Guinea
2014,Sweden,0.207,Guinea-Bissau
2014,Sweden,1.804,Côte d'Ivoire
2014,Sweden,73.111,Kenya
2014,Sweden,0.12,Lesotho
2014,Sweden,39.498,Liberia
2014,Sweden,1.019,Madagascar
2014,Sweden,2.412,Malawi
2014,Sweden,33.893,Mali
2014,Sweden,2.633,Mauritania
2014,Sweden,119.783,Mozambique
2014,Sweden,7.545,Niger
2014,Sweden,1.032,Nigeria
2014,Sweden,34.85,Zimbabwe
2014,Sweden,39.086,Rwanda
2014,Sweden,1.074,Senegal
2014,Sweden,0.747,Eritrea
2014,Sweden,3.162,Sierra Leone
2014,Sweden,83.054,Somalia
2014,Sweden,2.205,Djibouti
2014,Sweden,2.173,Namibia
2014,Sweden,23.367,Sudan
2014,Sweden,56.577,South Sudan
2014,Sweden,2.428,Swaziland
2014,Sweden,54.193,Tanzania
2014,Sweden,1.302,Togo
2014,Sweden,36.242,Uganda
2014,Sweden,19.743,Burkina Faso
2014,Sweden,52.155,Zambia
2014,Switzerland,4.04,Algeria
2014,Switzerland,4.55,Libya
2014,Switzerland,8.17,Morocco
2014,Switzerland,18.11,Tunisia
2014,Switzerland,24.06,Egypt
2014,Switzerland,11.23,South Africa
2014,Switzerland,0.19,Angola
2014,Switzerland,10.46,Burundi
2014,Switzerland,3.21,Cameroon
2014,Switzerland,0.14,Cabo Verde
2014,Switzerland,7.67,Central African Republic
2014,Switzerland,31.39,Chad
2014,Switzerland,0.06,Comoros
2014,Switzerland,0.18,Congo
2014,Switzerland,19.44,Democratic Republic of the Congo
2014,Switzerland,19.59,Benin
2014,Switzerland,14.26,Ethiopia
2014,Switzerland,0.01,Gabon
2014,Switzerland,0,Gambia
2014,Switzerland,18.16,Ghana
2014,Switzerland,5.35,Guinea
2014,Switzerland,0.65,Guinea-Bissau
2014,Switzerland,0.01,Equatorial Guinea
2014,Switzerland,2.56,Côte d'Ivoire
2014,Switzerland,9.53,Kenya
2014,Switzerland,0.79,Lesotho
2014,Switzerland,14.02,Liberia
2014,Switzerland,6.93,Madagascar
2014,Switzerland,0.84,Malawi
2014,Switzerland,37.78,Mali
2014,Switzerland,0.32,Mauritania
2014,Switzerland,37.24,Mozambique
2014,Switzerland,27.29,Niger
2014,Switzerland,2.34,Nigeria
2014,Switzerland,15.38,Zimbabwe
2014,Switzerland,8.12,Rwanda
2014,Switzerland,3.02,Senegal
2014,Switzerland,0.3,Eritrea
2014,Switzerland,2.8,Sierra Leone
2014,Switzerland,20.23,Somalia
2014,Switzerland,0.01,Djibouti
2014,Switzerland,0.76,Namibia
2014,Switzerland,14.39,Sudan
2014,Switzerland,25.98,South Sudan
2014,Switzerland,0.12,Swaziland
2014,Switzerland,30.82,Tanzania
2014,Switzerland,2.74,Togo
2014,Switzerland,1.14,Uganda
2014,Switzerland,32.85,Burkina Faso
2014,Switzerland,0.56,Zambia
2014,United Kingdom,5.216,Algeria
2014,United Kingdom,47.786,Libya
2014,United Kingdom,6.606,Morocco
2014,United Kingdom,11.278,Tunisia
2014,United Kingdom,14.006,Egypt
2014,United Kingdom,36.807,South Africa
2014,United Kingdom,1.508,Angola
2014,United Kingdom,1.028,Botswana
2014,United Kingdom,10.056,Burundi
2014,United Kingdom,18.262,Cameroon
2014,United Kingdom,0.131,Cabo Verde
2014,United Kingdom,26.448,Central African Republic
2014,United Kingdom,0.01,Comoros
2014,United Kingdom,274.199,Democratic Republic of the Congo
2014,United Kingdom,532.281,Ethiopia
2014,United Kingdom,16.289,Gambia
2014,United Kingdom,100.052,Ghana
2014,United Kingdom,0.462,Guinea
2014,United Kingdom,0.121,Guinea-Bissau
2014,United Kingdom,0.13,Côte d'Ivoire
2014,United Kingdom,210.349,Kenya
2014,United Kingdom,0.383,Lesotho
2014,United Kingdom,9.542,Liberia
2014,United Kingdom,1.828,Madagascar
2014,United Kingdom,120.658,Malawi
2014,United Kingdom,3.341,Mali
2014,United Kingdom,0.94,Mauritania
2014,United Kingdom,1.342,Mauritius
2014,United Kingdom,136.92,Mozambique
2014,United Kingdom,0.007,Niger
2014,United Kingdom,387.881,Nigeria
2014,United Kingdom,165.273,Zimbabwe
2014,United Kingdom,78.997,Rwanda
2014,United Kingdom,0.157,São Tomé and Principe
2014,United Kingdom,2.911,Senegal
2014,United Kingdom,0.626,Seychelles
2014,United Kingdom,9.676,Eritrea
2014,United Kingdom,391.403,Sierra Leone
2014,United Kingdom,205.751,Somalia
2014,United Kingdom,0.478,Namibia
2014,United Kingdom,124.715,Saint Helena
2014,United Kingdom,82.655,Sudan
2014,United Kingdom,275.313,South Sudan
2014,United Kingdom,0.069,Swaziland
2014,United Kingdom,244.209,Tanzania
2014,United Kingdom,198.188,Uganda
2014,United Kingdom,0.448,Burkina Faso
2014,United Kingdom,137.388,Zambia
2014,United Kingdom,11.011,Algeria
2014,United Kingdom,6.696,Morocco
2014,United Kingdom,1.956,Tunisia
2014,United Kingdom,0.535,Egypt
2014,United Kingdom,47.886,South Africa
2014,United Kingdom,69.976,Cameroon
2014,United Kingdom,1.041,Democratic Republic of the Congo
2014,United Kingdom,1.717,Ethiopia
2014,United Kingdom,9.899,Ghana
2014,United Kingdom,6.352,Côte d'Ivoire
2014,United Kingdom,21.635,Kenya
2014,United Kingdom,0.664,Malawi
2014,United Kingdom,0.124,Mali
2014,United Kingdom,1.465,Mauritius
2014,United Kingdom,1.378,Mozambique
2014,United Kingdom,0.175,Niger
2014,United Kingdom,18.859,Nigeria
2014,United Kingdom,6.149,Zimbabwe
2014,United Kingdom,0.169,Rwanda
2014,United Kingdom,0.178,Sierra Leone
2014,United Kingdom,1.499,Swaziland
2014,United Kingdom,1.905,Tanzania
2014,United Kingdom,3.899,Uganda
2014,United Kingdom,0.248,Burkina Faso
2014,United Kingdom,12.845,Zambia
2014,Finland,0.201,Algeria
2014,Finland,1.131,Libya
2014,Finland,0.468,Morocco
2014,Finland,0.749,Tunisia
2014,Finland,2.245,Egypt
2014,Finland,3.183,South Africa
2014,Finland,0.791,Angola
2014,Finland,0.48,Botswana
2014,Finland,0.858,Burundi
2014,Finland,2.537,Cameroon
2014,Finland,6.061,Central African Republic
2014,Finland,3.108,Chad
2014,Finland,0.013,Comoros
2014,Finland,3.841,Democratic Republic of the Congo
2014,Finland,0.11,Benin
2014,Finland,38.446,Ethiopia
2014,Finland,0.01,Gabon
2014,Finland,0.318,Gambia
2014,Finland,1.64,Ghana
2014,Finland,0.04,Guinea
2014,Finland,0.494,Côte d'Ivoire
2014,Finland,38.885,Kenya
2014,Finland,0.119,Lesotho
2014,Finland,0.289,Liberia
2014,Finland,0.154,Madagascar
2014,Finland,1.828,Malawi
2014,Finland,0.934,Mali
2014,Finland,0.245,Mauritania
2014,Finland,0.75,Mauritius
2014,Finland,28.489,Mozambique
2014,Finland,0.94,Nigeria
2014,Finland,0.484,Zimbabwe
2014,Finland,0.089,Rwanda
2014,Finland,1.064,Senegal
2014,Finland,2.286,Sierra Leone
2014,Finland,27.473,Somalia
2014,Finland,0.009,Djibouti
2014,Finland,5.499,Namibia
2014,Finland,9.084,Sudan
2014,Finland,4.57,South Sudan
2014,Finland,0.436,Swaziland
2014,Finland,54.041,Tanzania
2014,Finland,0.294,Togo
2014,Finland,4.654,Uganda
2014,Finland,0.262,Burkina Faso
2014,Finland,28.638,Zambia
2014,Finland,1.475,South Africa
2014,Finland,2.439,Ethiopia
2014,Finland,17.982,Kenya
2014,Finland,0.2,Mauritius
2014,Finland,0.18,Sierra Leone
2014,Finland,0.179,Tanzania
2014,Iceland,0.056,South Africa
2014,Iceland,0.111,Central African Republic
2014,Iceland,0.416,Ethiopia
2014,Iceland,0.093,Guinea-Bissau
2014,Iceland,5.288,Malawi
2014,Iceland,2.747,Mozambique
2014,Iceland,0.214,Sierra Leone
2014,Iceland,0.076,Namibia
2014,Iceland,0.104,South Sudan
2014,Iceland,3.335,Uganda
2014,Ireland,0.82,Egypt
2014,Ireland,6.16,South Africa
2014,Ireland,0.6,Angola
2014,Ireland,1.2,Burundi
2014,Ireland,0.76,Cameroon
2014,Ireland,7.7,Central African Republic
2014,Ireland,2.12,Chad
2014,Ireland,9.83,Congo
2014,Ireland,0.15,Benin
2014,Ireland,48.27,Ethiopia
2014,Ireland,0.01,Gabon
2014,Ireland,0.07,Gambia
2014,Ireland,1.05,Ghana
2014,Ireland,0.48,Guinea
2014,Ireland,0.31,Guinea-Bissau
2014,Ireland,8.63,Kenya
2014,Ireland,1.75,Lesotho
2014,Ireland,8.56,Liberia
2014,Ireland,25.81,Malawi
2014,Ireland,1.45,Mali
2014,Ireland,0.31,Mauritania
2014,Ireland,53.27,Mozambique
2014,Ireland,3.02,Niger
2014,Ireland,0.65,Nigeria
2014,Ireland,8.81,Zimbabwe
2014,Ireland,3.13,Rwanda
2014,Ireland,0.34,Senegal
2014,Ireland,0.17,Eritrea
2014,Ireland,16.26,Sierra Leone
2014,Ireland,7.62,Somalia
2014,Ireland,0.18,Djibouti
2014,Ireland,0.03,Namibia
2014,Ireland,7.89,Sudan
2014,Ireland,12.82,South Sudan
2014,Ireland,0.03,Swaziland
2014,Ireland,33.13,Tanzania
2014,Ireland,37.04,Uganda
2014,Ireland,0.41,Burkina Faso
2014,Ireland,23.24,Zambia
2014,Luxembourg,0.268,Libya
2014,Luxembourg,0.168,Morocco
2014,Luxembourg,1.541,Tunisia
2014,Luxembourg,0.144,Egypt
2014,Luxembourg,0.315,South Africa
2014,Luxembourg,0.991,Burundi
2014,Luxembourg,0.538,Cameroon
2014,Luxembourg,15.169,Cabo Verde
2014,Luxembourg,3.722,Central African Republic
2014,Luxembourg,0.085,Comoros
2014,Luxembourg,0.093,Congo
2014,Luxembourg,3.582,Democratic Republic of the Congo
2014,Luxembourg,1.443,Benin
2014,Luxembourg,0.883,Ethiopia
2014,Luxembourg,0.286,Gambia
2014,Luxembourg,0.25,Ghana
2014,Luxembourg,0.705,Guinea
2014,Luxembourg,0.008,Guinea-Bissau
2014,Luxembourg,0.156,Côte d'Ivoire
2014,Luxembourg,0.432,Kenya
2014,Luxembourg,0.254,Liberia
2014,Luxembourg,0.278,Madagascar
2014,Luxembourg,0.262,Malawi
2014,Luxembourg,13.364,Mali
2014,Luxembourg,19.761,Niger
2014,Luxembourg,0.332,Nigeria
2014,Luxembourg,0.482,Rwanda
2014,Luxembourg,22.119,Senegal
2014,Luxembourg,0.176,Sierra Leone
2014,Luxembourg,0.423,Somalia
2014,Luxembourg,1.328,Sudan
2014,Luxembourg,3.467,South Sudan
2014,Luxembourg,0.172,Swaziland
2014,Luxembourg,0.072,Tanzania
2014,Luxembourg,1.049,Togo
2014,Luxembourg,0.114,Uganda
2014,Luxembourg,31.069,Burkina Faso
2014,Luxembourg,0.153,Zambia
2014,Cyprus,0.006,Uganda
2014,Greece,0.168,Algeria
2014,Greece,0.045,Libya
2014,Greece,0.039,Morocco
2014,Greece,0.274,Tunisia
2014,Greece,0.732,Egypt
2014,Greece,0.09,South Africa
2014,Greece,0.007,Angola
2014,Greece,0.018,Burundi
2014,Greece,0.133,Cameroon
2014,Greece,0.011,Cabo Verde
2014,Greece,0.066,Central African Republic
2014,Greece,0.008,Chad
2014,Greece,0.254,Congo
2014,Greece,0.835,Democratic Republic of the Congo
2014,Greece,0.09,Ethiopia
2014,Greece,0.018,Gambia
2014,Greece,0.007,Guinea
2014,Greece,0.018,Guinea-Bissau
2014,Greece,0.008,Côte d'Ivoire
2014,Greece,0.044,Kenya
2014,Greece,0.066,Mali
2014,Greece,0.004,Mauritania
2014,Greece,0.002,Mauritius
2014,Greece,0.035,Nigeria
2014,Greece,0.05,Zimbabwe
2014,Greece,0.022,São Tomé and Principe
2014,Greece,0.008,Senegal
2014,Greece,0.022,Sierra Leone
2014,Greece,0.008,Somalia
2014,Greece,0.007,Djibouti
2014,Greece,0.081,Sudan
2014,Greece,0.018,Togo
2014,Greece,0.045,Uganda
2014,Greece,0.008,Burkina Faso
2014,Greece,0.004,Zambia
2014,Malta,0.01,Morocco
2014,Malta,0.03,Central African Republic
2014,Malta,0.03,Chad
2014,Malta,0.05,Ethiopia
2014,Malta,0.04,Kenya
2014,Malta,0.03,Madagascar
2014,Malta,0.07,Somalia
2014,Malta,0.02,Tanzania
2014,Malta,0.01,Togo
2014,Malta,0.06,Uganda
2014,Spain,1.147,Algeria
2014,Spain,24.197,Morocco
2014,Spain,0.436,Tunisia
2014,Spain,1.708,Egypt
2014,Spain,0.031,South Africa
2014,Spain,0.252,Angola
2014,Spain,0.01,Botswana
2014,Spain,0.222,Burundi
2014,Spain,1.066,Cameroon
2014,Spain,0.547,Cabo Verde
2014,Spain,1.421,Central African Republic
2014,Spain,0.849,Chad
2014,Spain,0.304,Congo
2014,Spain,5.308,Democratic Republic of the Congo
2014,Spain,0.613,Benin
2014,Spain,7.965,Ethiopia
2014,Spain,0.009,Gabon
2014,Spain,0.263,Gambia
2014,Spain,0.144,Ghana
2014,Spain,4.262,Guinea
2014,Spain,0.467,Guinea-Bissau
2014,Spain,1.918,Equatorial Guinea
2014,Spain,0.489,Côte d'Ivoire
2014,Spain,0.65,Kenya
2014,Spain,2.539,Liberia
2014,Spain,0.807,Madagascar
2014,Spain,0.319,Malawi
2014,Spain,12.656,Mali
2014,Spain,8.028,Mauritania
2014,Spain,11.513,Mozambique
2014,Spain,17.437,Niger
2014,Spain,0.149,Nigeria
2014,Spain,0.225,Zimbabwe
2014,Spain,0.803,Rwanda
2014,Spain,12.562,Senegal
2014,Spain,7.731,Sierra Leone
2014,Spain,0.027,Somalia
2014,Spain,0.045,Namibia
2014,Spain,0.029,Sudan
2014,Spain,2.503,South Sudan
2014,Spain,0.017,Swaziland
2014,Spain,1.006,Tanzania
2014,Spain,0.752,Togo
2014,Spain,0.193,Uganda
2014,Spain,2.026,Burkina Faso
2014,Spain,1.493,Angola
2014,Spain,0.242,Mauritania
2014,Turkey,3.29,Algeria
2014,Turkey,12.87,Libya
2014,Turkey,2.67,Morocco
2014,Turkey,3.17,Tunisia
2014,Turkey,5.32,Egypt
2014,Turkey,1.09,South Africa
2014,Turkey,0.06,Angola
2014,Turkey,0.08,Botswana
2014,Turkey,0.72,Burundi
2014,Turkey,1.98,Cameroon
2014,Turkey,0.04,Cabo Verde
2014,Turkey,1.49,Central African Republic
2014,Turkey,1.4,Chad
2014,Turkey,0.43,Comoros
2014,Turkey,0.25,Congo
2014,Turkey,1.36,Democratic Republic of the Congo
2014,Turkey,0.59,Benin
2014,Turkey,3.65,Ethiopia
2014,Turkey,0.36,Gabon
2014,Turkey,1.83,Gambia
2014,Turkey,3.01,Ghana
2014,Turkey,0.9,Guinea
2014,Turkey,1.17,Guinea-Bissau
2014,Turkey,0.02,Equatorial Guinea
2014,Turkey,1.2,Côte d'Ivoire
2014,Turkey,3.32,Kenya
2014,Turkey,0.12,Lesotho
2014,Turkey,0.77,Liberia
2014,Turkey,0.63,Madagascar
2014,Turkey,0.36,Malawi
2014,Turkey,1.53,Mali
2014,Turkey,4.48,Mauritania
2014,Turkey,0.19,Mauritius
2014,Turkey,0.75,Mozambique
2014,Turkey,4.13,Niger
2014,Turkey,0.98,Nigeria
2014,Turkey,0.51,Zimbabwe
2014,Turkey,0.61,Rwanda
2014,Turkey,0.24,São Tomé and Principe
2014,Turkey,2.85,Senegal
2014,Turkey,0.04,Seychelles
2014,Turkey,0.12,Eritrea
2014,Turkey,0.45,Sierra Leone
2014,Turkey,74.35,Somalia
2014,Turkey,2.97,Djibouti
2014,Turkey,0.15,Namibia
2014,Turkey,9.36,Sudan
2014,Turkey,1.5,South Sudan
2014,Turkey,0.15,Swaziland
2014,Turkey,1.72,Tanzania
2014,Turkey,0.3,Togo
2014,Turkey,2.01,Uganda
2014,Turkey,4.15,Burkina Faso
2014,Turkey,0.53,Zambia
2014,Turkey,197.53,Tunisia
2014,Slovenia,0.028,Egypt
2014,Slovenia,0.04,Burundi
2014,Slovenia,0.017,Cabo Verde
2014,Slovenia,0.04,Central African Republic
2014,Slovenia,0.08,Rwanda
2014,Slovenia,0.04,South Sudan
2014,Slovenia,0.04,Uganda
2014,Czech Republic,0.1,Algeria
2014,Czech Republic,0.05,Libya
2014,Czech Republic,0.01,Morocco
2014,Czech Republic,0.071,Tunisia
2014,Czech Republic,0.296,Egypt
2014,Czech Republic,0.017,South Africa
2014,Czech Republic,0.056,Angola
2014,Czech Republic,0.02,Cameroon
2014,Czech Republic,0.005,Cabo Verde
2014,Czech Republic,0.361,Central African Republic
2014,Czech Republic,0.096,Chad
2014,Czech Republic,0.014,Congo
2014,Czech Republic,0.07,Democratic Republic of the Congo
2014,Czech Republic,0.023,Benin
2014,Czech Republic,3.725,Ethiopia
2014,Czech Republic,0.165,Ghana
2014,Czech Republic,0.285,Guinea
2014,Czech Republic,0.01,Guinea-Bissau
2014,Czech Republic,0.03,Côte d'Ivoire
2014,Czech Republic,0.053,Kenya
2014,Czech Republic,0.302,Liberia
2014,Czech Republic,0.009,Mali
2014,Czech Republic,0.298,Nigeria
2014,Czech Republic,0.102,Zimbabwe
2014,Czech Republic,0.085,Rwanda
2014,Czech Republic,0.028,Senegal
2014,Czech Republic,0.01,Eritrea
2014,Czech Republic,0.165,Sierra Leone
2014,Czech Republic,0.01,Somalia
2014,Czech Republic,0.032,Djibouti
2014,Czech Republic,0.108,Namibia
2014,Czech Republic,0.042,Sudan
2014,Czech Republic,0.289,South Sudan
2014,Czech Republic,0.02,Tanzania
2014,Czech Republic,0.01,Togo
2014,Czech Republic,0.009,Uganda
2014,Czech Republic,0.67,Zambia
2014,Slovakia,0.12,Tunisia
2014,Slovakia,0.01,Burundi
2014,Slovakia,0.02,Benin
2014,Slovakia,0.02,Ethiopia
2014,Slovakia,1.24,Kenya
2014,Slovakia,0.02,Lesotho
2014,Slovakia,0.05,Liberia
2014,Slovakia,0.01,Madagascar
2014,Slovakia,0.01,Rwanda
2014,Slovakia,0.01,Namibia
2014,Slovakia,0.02,Sudan
2014,Slovakia,0.39,South Sudan
2014,Slovakia,0.01,Tanzania
2014,Slovakia,0.01,Uganda
2014,Hungary,0.254,Algeria
2014,Hungary,0.036,Morocco
2014,Hungary,0.107,Tunisia
2014,Hungary,0.09,Egypt
2014,Hungary,0.053,Angola
2014,Hungary,0.032,Democratic Republic of the Congo
2014,Hungary,0.033,Ethiopia
2014,Hungary,0.01,Gambia
2014,Hungary,0.022,Kenya
2014,Hungary,0.19,Nigeria
2014,Hungary,0.007,Somalia
2014,Hungary,0.005,Namibia
2014,Hungary,0.01,Sudan
2014,Hungary,0.011,Tanzania
2014,Hungary,0.048,Uganda
2014,Poland,0.01,Libya
2014,Poland,0.34,Tunisia
2014,Poland,0.06,Egypt
2014,Poland,0.05,South Africa
2014,Poland,0.26,Angola
2014,Poland,0.02,Botswana
2014,Poland,0.15,Burundi
2014,Poland,0.02,Cameroon
2014,Poland,0.03,Congo
2014,Poland,0.01,Democratic Republic of the Congo
2014,Poland,0.25,Ethiopia
2014,Poland,0.04,Ghana
2014,Poland,1.12,Kenya
2014,Poland,0.03,Madagascar
2014,Poland,0.01,Mali
2014,Poland,0.06,Nigeria
2014,Poland,0.06,Rwanda
2014,Poland,0.16,Senegal
2014,Poland,0.12,Somalia
2014,Poland,0.02,Namibia
2014,Poland,0.01,Sudan
2014,Poland,0.21,Tanzania
2014,Poland,0.36,Uganda
2014,Poland,0.01,Burkina Faso
2014,Poland,0.07,Zambia
2014,Poland,14.63,Angola
2014,Poland,23.23,Ethiopia
2014,Romania,0.013,Algeria
2014,Romania,0.014,Libya
2014,Romania,0.131,Morocco
2014,Romania,0.019,Tunisia
2014,Romania,0.08,Egypt
2014,Romania,0.14,Angola
2014,Romania,0.003,Botswana
2014,Romania,0.014,Burundi
2014,Romania,0.015,Cameroon
2014,Romania,0.01,Congo
2014,Romania,0.001,Benin
2014,Romania,0.002,Ethiopia
2014,Romania,0.001,Gabon
2014,Romania,0.008,Ghana
2014,Romania,0.001,Guinea
2014,Romania,0.007,Côte d'Ivoire
2014,Romania,0.018,Kenya
2014,Romania,0.049,Mauritius
2014,Romania,0.094,Nigeria
2014,Romania,0.016,Zimbabwe
2014,Romania,0.002,Rwanda
2014,Romania,0.009,Senegal
2014,Romania,0.004,Somalia
2014,Romania,0.023,Sudan
2014,Romania,0.008,Tanzania
2014,Romania,0.002,Uganda
2014,Estonia,0.003,Algeria
2014,Estonia,0.119,Tunisia
2014,Estonia,0.016,Egypt
2014,Estonia,0.133,Central African Republic
2014,Estonia,0.027,Ethiopia
2014,Estonia,0.003,Ghana
2014,Estonia,0.008,Guinea
2014,Estonia,0.036,Senegal
2014,Estonia,0.005,Eritrea
2014,Estonia,0.05,Sierra Leone
2014,Estonia,0.102,Sudan
2014,Estonia,0.265,South Sudan
2014,Estonia,0.046,Uganda
2014,Lithuania,0.027,Central African Republic
2014,Russia,1.5,Morocco
2014,Russia,5.65,Tunisia
2014,Russia,6.32,Cameroon
2014,Russia,3.04,Ghana
2014,Russia,16.79,Guinea
2014,Russia,2,Kenya
2014,Russia,2.07,Liberia
2014,Russia,2,Mali
2014,Russia,8,Mozambique
2014,Russia,1.5,Sierra Leone
2014,Russia,1,Somalia
2014,Russia,0.05,Sudan
2014,Russia,5.01,South Sudan
2014,Russia,1.37,Tanzania
2014,Russia,1.57,Uganda
2014,Canada,0.147,Algeria
2014,Canada,0.207,Libya
2014,Canada,10.567,Morocco
2014,Canada,1.065,Tunisia
2014,Canada,8.102,Egypt
2014,Canada,6.787,South Africa
2014,Canada,0.287,Angola
2014,Canada,1.065,Botswana
2014,Canada,5.08,Burundi
2014,Canada,2.527,Cameroon
2014,Canada,0.067,Cabo Verde
2014,Canada,16.174,Central African Republic
2014,Canada,7.196,Chad
2014,Canada,39.953,Democratic Republic of the Congo
2014,Canada,5.432,Benin
2014,Canada,108.169,Ethiopia
2014,Canada,0.158,Gabon
2014,Canada,0.215,Gambia
2014,Canada,78.572,Ghana
2014,Canada,12.45,Guinea
2014,Canada,0.061,Guinea-Bissau
2014,Canada,0.046,Equatorial Guinea
2014,Canada,5.709,Côte d'Ivoire
2014,Canada,46.033,Kenya
2014,Canada,0.139,Lesotho
2014,Canada,11.603,Liberia
2014,Canada,4.413,Madagascar
2014,Canada,13.353,Malawi
2014,Canada,99.897,Mali
2014,Canada,0.395,Mauritania
2014,Canada,0.099,Mauritius
2014,Canada,75.678,Mozambique
2014,Canada,7.339,Niger
2014,Canada,20.715,Nigeria
2014,Canada,7.036,Zimbabwe
2014,Canada,5.19,Rwanda
2014,Canada,0.045,São Tomé and Principe
2014,Canada,73.562,Senegal
2014,Canada,0.936,Eritrea
2014,Canada,9.916,Sierra Leone
2014,Canada,30.407,Somalia
2014,Canada,1.561,Djibouti
2014,Canada,0.168,Namibia
2014,Canada,14.463,Sudan
2014,Canada,87.011,South Sudan
2014,Canada,1.918,Swaziland
2014,Canada,85.785,Tanzania
2014,Canada,0.459,Togo
2014,Canada,7.347,Uganda
2014,Canada,37.554,Burkina Faso
2014,Canada,7.843,Zambia
2014,United States,0.43,Algeria
2014,United States,20.74,Libya
2014,United States,25.44,Morocco
2014,United States,18.62,Tunisia
2014,United States,87.3,Egypt
2014,United States,516.08,South Africa
2014,United States,60.84,Angola
2014,United States,57.2,Botswana
2014,United States,40.79,Burundi
2014,United States,40.75,Cameroon
2014,United States,7.46,Cabo Verde
2014,United States,62.11,Central African Republic
2014,United States,50.87,Chad
2014,United States,0.34,Comoros
2014,United States,1.68,Congo
2014,United States,385.41,Democratic Republic of the Congo
2014,United States,39.3,Benin
2014,United States,666.72,Ethiopia
2014,United States,6.94,Gabon
2014,United States,2,Gambia
2014,United States,143.32,Ghana
2014,United States,41.86,Guinea
2014,United States,2.75,Guinea-Bissau
2014,United States,0.18,Equatorial Guinea
2014,United States,112.91,Côte d'Ivoire
2014,United States,810.63,Kenya
2014,United States,39,Lesotho
2014,United States,211.02,Liberia
2014,United States,64.75,Madagascar
2014,United States,200.91,Malawi
2014,United States,166.58,Mali
2014,United States,14.59,Mauritania
2014,United States,0.15,Mauritius
2014,United States,399.45,Mozambique
2014,United States,80.49,Niger
2014,United States,486.17,Nigeria
2014,United States,178.21,Zimbabwe
2014,United States,159.98,Rwanda
2014,United States,0.75,São Tomé and Principe
2014,United States,272.05,Senegal
2014,United States,0.07,Seychelles
2014,United States,0.15,Eritrea
2014,United States,15.31,Sierra Leone
2014,United States,203.64,Somalia
2014,United States,8.15,Djibouti
2014,United States,156.49,Namibia
2014,United States,261.55,Sudan
2014,United States,797.2,South Sudan
2014,United States,44.03,Swaziland
2014,United States,509.76,Tanzania
2014,United States,3.27,Togo
2014,United States,471.49,Uganda
2014,United States,213.79,Burkina Faso
2014,United States,326.83,Zambia
2014,Israel,0.07,Morocco
2014,Israel,0.28,South Africa
2014,Israel,0.02,Angola
2014,Israel,0.11,Botswana
2014,Israel,0.01,Burundi
2014,Israel,0.09,Cameroon
2014,Israel,0.01,Central African Republic
2014,Israel,0.01,Congo
2014,Israel,0.01,Benin
2014,Israel,0.35,Ethiopia
2014,Israel,0.01,Gambia
2014,Israel,0.61,Ghana
2014,Israel,0.03,Côte d'Ivoire
2014,Israel,0.59,Kenya
2014,Israel,0.13,Liberia
2014,Israel,0.11,Malawi
2014,Israel,0.07,Nigeria
2014,Israel,0.02,Rwanda
2014,Israel,0.27,Senegal
2014,Israel,0.01,Seychelles
2014,Israel,0.14,Sierra Leone
2014,Israel,0.01,Sudan
2014,Israel,0.02,Tanzania
2014,Israel,0.06,Togo
2014,Israel,0.04,Uganda
2014,Israel,0.16,Burkina Faso
2014,Israel,0.01,Zambia
2014,Kuwait,61.355,Morocco
2014,Kuwait,0.182,Egypt
2014,Kuwait,0.178,Gambia
2014,Kuwait,0.593,Liberia
2014,Kuwait,0.131,Mauritania
2014,Kuwait,0.01,Niger
2014,Kuwait,0.074,Sierra Leone
2014,Kuwait,2.201,Somalia
2014,Kuwait,0.021,Djibouti
2014,Kuwait,3.5,Sudan
2014,Kuwait,0,Swaziland
2014,Kuwait,1.457,Burkina Faso
2014,Kuwait,41.177,Morocco
2014,Kuwait,19.727,Tunisia
2014,Kuwait,45.431,Egypt
2014,Kuwait,0.015,Cameroon
2014,Kuwait,1.628,Cabo Verde
2014,Kuwait,7.8,Benin
2014,Kuwait,6.598,Ethiopia
2014,Kuwait,0.897,Gabon
2014,Kuwait,2.444,Gambia
2014,Kuwait,1.418,Guinea
2014,Kuwait,3.868,Côte d'Ivoire
2014,Kuwait,1.667,Kenya
2014,Kuwait,6.623,Lesotho
2014,Kuwait,0.319,Madagascar
2014,Kuwait,3.648,Malawi
2014,Kuwait,6.118,Mali
2014,Kuwait,21.398,Mauritania
2014,Kuwait,2.148,Mozambique
2014,Kuwait,4.552,Rwanda
2014,Kuwait,8.097,Senegal
2014,Kuwait,3.849,Sierra Leone
2014,Kuwait,14.751,Djibouti
2014,Kuwait,1.845,Swaziland
2014,Kuwait,11.009,Tanzania
2014,Kuwait,0.422,Togo
2014,Kuwait,1.79,Uganda
2014,Kuwait,3.069,Burkina Faso
2014,United Arab Emirates,0.044,Algeria
2014,United Arab Emirates,50.896,Libya
2014,United Arab Emirates,472.194,Morocco
2014,United Arab Emirates,27.342,Tunisia
2014,United Arab Emirates,3134.49,Egypt
2014,United Arab Emirates,0.559,South Africa
2014,United Arab Emirates,0.1,Burundi
2014,United Arab Emirates,0.219,Cameroon
2014,United Arab Emirates,0.045,Central African Republic
2014,United Arab Emirates,1.526,Chad
2014,United Arab Emirates,2.166,Comoros
2014,United Arab Emirates,0.365,Congo
2014,United Arab Emirates,0.027,Democratic Republic of the Congo
2014,United Arab Emirates,0.138,Benin
2014,United Arab Emirates,2.417,Ethiopia
2014,United Arab Emirates,0.13,Gambia
2014,United Arab Emirates,1.397,Ghana
2014,United Arab Emirates,3.11,Guinea
2014,United Arab Emirates,0.695,Côte d'Ivoire
2014,United Arab Emirates,2.3,Kenya
2014,United Arab Emirates,1,Liberia
2014,United Arab Emirates,0.085,Madagascar
2014,United Arab Emirates,1.466,Malawi
2014,United Arab Emirates,0.2,Mali
2014,United Arab Emirates,1.008,Mauritania
2014,United Arab Emirates,0.314,Mozambique
2014,United Arab Emirates,0.531,Niger
2014,United Arab Emirates,0.144,Nigeria
2014,United Arab Emirates,0.012,Zimbabwe
2014,United Arab Emirates,0.448,Rwanda
2014,United Arab Emirates,0.785,Senegal
2014,United Arab Emirates,2.855,Seychelles
2014,United Arab Emirates,0.002,Eritrea
2014,United Arab Emirates,1,Sierra Leone
2014,United Arab Emirates,23.441,Somalia
2014,United Arab Emirates,0.658,Djibouti
2014,United Arab Emirates,0.571,Namibia
2014,United Arab Emirates,5.589,Sudan
2014,United Arab Emirates,0.993,South Sudan
2014,United Arab Emirates,0.813,Tanzania
2014,United Arab Emirates,0.24,Togo
2014,United Arab Emirates,0.334,Uganda
2014,United Arab Emirates,0.365,Burkina Faso
2014,United Arab Emirates,0.012,Zambia
2014,United Arab Emirates,11.18,Algeria
2014,United Arab Emirates,19.679,Morocco
2014,United Arab Emirates,1.84,Tunisia
2014,United Arab Emirates,36.986,Egypt
2014,United Arab Emirates,2.698,Benin
2014,United Arab Emirates,0.841,Gambia
2014,United Arab Emirates,8.432,Lesotho
2014,United Arab Emirates,0.555,Malawi
2014,United Arab Emirates,0.406,Mauritania
2014,United Arab Emirates,0.033,Eritrea
2014,United Arab Emirates,1.462,Sierra Leone
2014,United Arab Emirates,0.351,Tanzania
2014,United Arab Emirates,2.017,Burkina Faso
2014,Kazakhstan,0.05,Central African Republic
2014,Japan,2.75,Algeria
2014,Japan,5.6,Libya
2014,Japan,12.37,Morocco
2014,Japan,13.23,Tunisia
2014,Japan,33.35,Egypt
2014,Japan,8.28,South Africa
2014,Japan,8,Angola
2014,Japan,4.55,Botswana
2014,Japan,9.04,Burundi
2014,Japan,14.62,Cameroon
2014,Japan,0.62,Cabo Verde
2014,Japan,9.29,Central African Republic
2014,Japan,11.19,Chad
2014,Japan,3.45,Comoros
2014,Japan,6.39,Congo
2014,Japan,53.8,Democratic Republic of the Congo
2014,Japan,10.2,Benin
2014,Japan,82.77,Ethiopia
2014,Japan,4.98,Gabon
2014,Japan,0.35,Gambia
2014,Japan,41.25,Ghana
2014,Japan,22.99,Guinea
2014,Japan,8.03,Guinea-Bissau
2014,Japan,26.59,Côte d'Ivoire
2014,Japan,60.87,Kenya
2014,Japan,2.29,Lesotho
2014,Japan,30.26,Liberia
2014,Japan,10.28,Madagascar
2014,Japan,42.45,Malawi
2014,Japan,24.29,Mali
2014,Japan,22.46,Mauritania
2014,Japan,3.34,Mauritius
2014,Japan,51.17,Mozambique
2014,Japan,32.05,Niger
2014,Japan,35.15,Nigeria
2014,Japan,5.18,Zimbabwe
2014,Japan,22.61,Rwanda
2014,Japan,2.46,São Tomé and Principe
2014,Japan,45.06,Senegal
2014,Japan,0.66,Seychelles
2014,Japan,1.32,Eritrea
2014,Japan,13.28,Sierra Leone
2014,Japan,32.58,Somalia
2014,Japan,26.46,Djibouti
2014,Japan,5.31,Namibia
2014,Japan,52.51,Sudan
2014,Japan,43.28,South Sudan
2014,Japan,0.5,Swaziland
2014,Japan,60.27,Tanzania
2014,Japan,10.17,Togo
2014,Japan,48.74,Uganda
2014,Japan,23.55,Burkina Faso
2014,Japan,39.38,Zambia
2014,Japan,68.35,Morocco
2014,Japan,83.4,Tunisia
2014,Japan,79.27,Egypt
2014,Japan,0.18,Botswana
2014,Japan,10.42,Cameroon
2014,Japan,10.39,Cabo Verde
2014,Japan,51.19,Kenya
2014,Japan,0.27,Mauritius
2014,Japan,34.11,Mozambique
2014,Japan,53.72,Tanzania
2014,Japan,36.99,Uganda
2014,Japan,10.74,Zambia
2014,Korea,3.842,Algeria
2014,Korea,1.213,Libya
2014,Korea,4.051,Morocco
2014,Korea,4.705,Tunisia
2014,Korea,3.638,Egypt
2014,Korea,0.194,South Africa
2014,Korea,0.873,Angola
2014,Korea,0.121,Botswana
2014,Korea,0.577,Burundi
2014,Korea,6.717,Cameroon
2014,Korea,0.022,Cabo Verde
2014,Korea,1.011,Central African Republic
2014,Korea,0.097,Chad
2014,Korea,0.1,Comoros
2014,Korea,0.022,Congo
2014,Korea,11.518,Democratic Republic of the Congo
2014,Korea,0.096,Benin
2014,Korea,19.34,Ethiopia
2014,Korea,0.298,Gabon
2014,Korea,0.038,Gambia
2014,Korea,12.483,Ghana
2014,Korea,0.307,Guinea
2014,Korea,0.151,Guinea-Bissau
2014,Korea,0.03,Equatorial Guinea
2014,Korea,2.555,Côte d'Ivoire
2014,Korea,3.997,Kenya
2014,Korea,0.231,Lesotho
2014,Korea,0.066,Liberia
2014,Korea,0.505,Madagascar
2014,Korea,2.021,Malawi
2014,Korea,0.678,Mali
2014,Korea,0.02,Mauritius
2014,Korea,4.245,Mozambique
2014,Korea,0.502,Niger
2014,Korea,3.04,Nigeria
2014,Korea,4.243,Zimbabwe
2014,Korea,16.457,Rwanda
2014,Korea,11.635,Senegal
2014,Korea,6.3,Sierra Leone
2014,Korea,0.582,Somalia
2014,Korea,0.017,Namibia
2014,Korea,3.204,Sudan
2014,Korea,2.064,South Sudan
2014,Korea,0.12,Swaziland
2014,Korea,12.895,Tanzania
2014,Korea,0.328,Togo
2014,Korea,11.364,Uganda
2014,Korea,0.196,Burkina Faso
2014,Korea,0.132,Zambia
2014,Korea,5.017,Angola
2014,Korea,4.642,Cameroon
2014,Korea,23.569,Ethiopia
2014,Korea,6.559,Ghana
2014,Korea,0.083,Kenya
2014,Korea,6.516,Mali
2014,Korea,52.267,Mozambique
2014,Korea,8.224,Senegal
2014,Korea,1.207,Sierra Leone
2014,Korea,66.943,Tanzania
2014,Korea,1.096,Uganda
2014,Thailand,0.02,Egypt
2014,Thailand,0.01,Botswana
2014,Thailand,0.01,Burundi
2014,Thailand,0.04,Ethiopia
2014,Thailand,0.09,Gambia
2014,Thailand,0.01,Guinea
2014,Thailand,0.08,Kenya
2014,Thailand,0.01,Madagascar
2014,Thailand,0.08,Malawi
2014,Thailand,0.02,Mauritius
2014,Thailand,0.22,Mozambique
2014,Thailand,0.01,Nigeria
2014,Thailand,0.04,Senegal
2014,Thailand,0.03,Seychelles
2014,Thailand,0.04,Eritrea
2014,Thailand,0.02,Sudan
2014,Thailand,0.01,Swaziland
2014,Thailand,0.08,Tanzania
2014,Thailand,0.05,Uganda
2014,Thailand,0.01,Zambia
2014,Timor Leste,0.5,Cabo Verde
2014,Timor Leste,0.7,Guinea-Bissau
2014,Australia,0.24,Algeria
2014,Australia,0.35,Morocco
2014,Australia,0.34,Tunisia
2014,Australia,3.62,Egypt
2014,Australia,2.44,South Africa
2014,Australia,0.12,Angola
2014,Australia,1.28,Botswana
2014,Australia,0.96,Burundi
2014,Australia,0.83,Cameroon
2014,Australia,0.12,Cabo Verde
2014,Australia,3.71,Central African Republic
2014,Australia,0.05,Chad
2014,Australia,0.1,Comoros
2014,Australia,0.16,Congo
2014,Australia,4.62,Democratic Republic of the Congo
2014,Australia,0.05,Benin
2014,Australia,9.94,Ethiopia
2014,Australia,0.01,Gabon
2014,Australia,0.42,Gambia
2014,Australia,3.09,Ghana
2014,Australia,0.07,Guinea
2014,Australia,0.01,Equatorial Guinea
2014,Australia,0.12,Côte d'Ivoire
2014,Australia,8.67,Kenya
2014,Australia,1.15,Lesotho
2014,Australia,1.99,Liberia
2014,Australia,0.2,Madagascar
2014,Australia,5.62,Malawi
2014,Australia,0.3,Mali
2014,Australia,0.03,Mauritania
2014,Australia,0.51,Mauritius
2014,Australia,4.44,Mozambique
2014,Australia,0.33,Niger
2014,Australia,2.38,Nigeria
2014,Australia,15.04,Zimbabwe
2014,Australia,1.4,Rwanda
2014,Australia,0.06,São Tomé and Principe
2014,Australia,0.05,Senegal
2014,Australia,0.74,Seychelles
2014,Australia,1.61,Sierra Leone
2014,Australia,13.07,Somalia
2014,Australia,0.06,Djibouti
2014,Australia,0.89,Namibia
2014,Australia,1.96,Sudan
2014,Australia,22.99,South Sudan
2014,Australia,1.02,Swaziland
2014,Australia,5.78,Tanzania
2014,Australia,0.12,Togo
2014,Australia,3.58,Uganda
2014,Australia,0.11,Burkina Faso
2014,Australia,3.3,Zambia
2014,New Zealand,0.05,Morocco
2014,New Zealand,0.28,South Africa
2014,New Zealand,0.17,Botswana
2014,New Zealand,0.03,Cameroon
2014,New Zealand,0.41,Central African Republic
2014,New Zealand,0.14,Comoros
2014,New Zealand,0.21,Ethiopia
2014,New Zealand,0.11,Ghana
2014,New Zealand,0.05,Guinea-Bissau
2014,New Zealand,1.03,Kenya
2014,New Zealand,0.06,Malawi
2014,New Zealand,0.03,Mauritius
2014,New Zealand,0.11,Nigeria
2014,New Zealand,0.4,Zimbabwe
2014,New Zealand,0.2,Rwanda
2014,New Zealand,0.05,Seychelles
2014,New Zealand,1.7,Sierra Leone
2014,New Zealand,0.07,Somalia
2014,New Zealand,0.02,Namibia
2014,New Zealand,0.58,South Sudan
2014,New Zealand,0.05,Swaziland
2014,New Zealand,0.83,Tanzania
2014,New Zealand,0.03,Uganda
2014,New Zealand,0.32,Zambia
2015,Austria,0.119,Algeria
2015,Austria,0.257,Libya
2015,Austria,0.257,Morocco
2015,Austria,0.507,Tunisia
2015,Austria,3.541,Egypt
2015,Austria,0.474,South Africa
2015,Austria,0.01,Angola
2015,Austria,0.02,Burundi
2015,Austria,0.334,Cameroon
2015,Austria,0.543,Cabo Verde
2015,Austria,0.117,Central African Republic
2015,Austria,0.084,Chad
2015,Austria,0.018,Congo
2015,Austria,0.377,Democratic Republic of the Congo
2015,Austria,0.034,Benin
2015,Austria,8.1,Ethiopia
2015,Austria,0.373,Gabon
2015,Austria,0.121,Gambia
2015,Austria,1.458,Ghana
2015,Austria,0.045,Guinea
2015,Austria,0.02,Equatorial Guinea
2015,Austria,0.035,Côte d'Ivoire
2015,Austria,2.845,Kenya
2015,Austria,0.055,Lesotho
2015,Austria,0.056,Madagascar
2015,Austria,0.059,Malawi
2015,Austria,0.269,Mali
2015,Austria,0.016,Mauritius
2015,Austria,6.174,Mozambique
2015,Austria,0.027,Niger
2015,Austria,0.782,Nigeria
2015,Austria,0.355,Zimbabwe
2015,Austria,0.102,Rwanda
2015,Austria,0.01,São Tomé and Principe
2015,Austria,0.387,Senegal
2015,Austria,0.192,Sierra Leone
2015,Austria,0.172,Somalia
2015,Austria,0.027,Namibia
2015,Austria,0.153,Sudan
2015,Austria,0.6,South Sudan
2015,Austria,0.064,Swaziland
2015,Austria,0.947,Tanzania
2015,Austria,0.068,Togo
2015,Austria,10.654,Uganda
2015,Austria,4.452,Burkina Faso
2015,Austria,0.032,Zambia
2015,Belgium,3.001,Algeria
2015,Belgium,0.078,Libya
2015,Belgium,15.844,Morocco
2015,Belgium,0.948,Tunisia
2015,Belgium,0.506,Egypt
2015,Belgium,13.323,South Africa
2015,Belgium,49.135,Burundi
2015,Belgium,3.403,Cameroon
2015,Belgium,0.002,Cabo Verde
2015,Belgium,7.254,Central African Republic
2015,Belgium,0.333,Chad
2015,Belgium,0.126,Comoros
2015,Belgium,0.077,Congo
2015,Belgium,89.448,Democratic Republic of the Congo
2015,Belgium,19.643,Benin
2015,Belgium,1.782,Ethiopia
2015,Belgium,0.176,Gambia
2015,Belgium,4.075,Ghana
2015,Belgium,6.837,Guinea
2015,Belgium,0.356,Guinea-Bissau
2015,Belgium,0.4,Côte d'Ivoire
2015,Belgium,5.379,Kenya
2015,Belgium,1.479,Liberia
2015,Belgium,2.083,Madagascar
2015,Belgium,9.493,Malawi
2015,Belgium,22.094,Mali
2015,Belgium,0.651,Mauritania
2015,Belgium,19.235,Mozambique
2015,Belgium,17.126,Niger
2015,Belgium,0.339,Nigeria
2015,Belgium,2.193,Zimbabwe
2015,Belgium,35.882,Rwanda
2015,Belgium,17.024,Senegal
2015,Belgium,0.007,Seychelles
2015,Belgium,1.443,Sierra Leone
2015,Belgium,0.293,Somalia
2015,Belgium,0.084,Namibia
2015,Belgium,0.008,Sudan
2015,Belgium,4.36,South Sudan
2015,Belgium,0.003,Swaziland
2015,Belgium,12.428,Tanzania
2015,Belgium,0.734,Togo
2015,Belgium,16.795,Uganda
2015,Belgium,10.653,Burkina Faso
2015,Belgium,1.286,Zambia
2015,Belgium,7.336,Kenya
2015,Belgium,0.952,Senegal
2015,Belgium,3.951,Sudan
2015,Belgium,9.856,Togo
2015,Denmark,0.031,Algeria
2015,Denmark,0.164,Libya
2015,Denmark,0.539,Morocco
2015,Denmark,5.563,Tunisia
2015,Denmark,1.35,Egypt
2015,Denmark,2.299,South Africa
2015,Denmark,1.487,Central African Republic
2015,Denmark,0,Democratic Republic of the Congo
2015,Denmark,6.084,Ethiopia
2015,Denmark,38.172,Ghana
2015,Denmark,51.757,Kenya
2015,Denmark,0.591,Liberia
2015,Denmark,26.409,Mali
2015,Denmark,61.252,Mozambique
2015,Denmark,12.815,Niger
2015,Denmark,0.022,Nigeria
2015,Denmark,26.786,Zimbabwe
2015,Denmark,0.149,Sierra Leone
2015,Denmark,15.016,Somalia
2015,Denmark,4.446,Sudan
2015,Denmark,15.928,South Sudan
2015,Denmark,46.011,Tanzania
2015,Denmark,29.59,Uganda
2015,Denmark,41.572,Burkina Faso
2015,Denmark,18.961,Zambia
2015,Denmark,0.455,Egypt
2015,Denmark,1.257,South Africa
2015,Denmark,0.979,Ghana
2015,Denmark,6.486,Kenya
2015,Denmark,2.009,Mozambique
2015,Denmark,0.668,Nigeria
2015,France,97.6,Algeria
2015,France,2.511,Libya
2015,France,166.065,Morocco
2015,France,71.361,Tunisia
2015,France,27.868,Egypt
2015,France,9.389,South Africa
2015,France,4.981,Angola
2015,France,0.595,Botswana
2015,France,7.492,Burundi
2015,France,42.263,Cameroon
2015,France,1.426,Cabo Verde
2015,France,37.993,Central African Republic
2015,France,81.414,Chad
2015,France,20.791,Comoros
2015,France,54.754,Congo
2015,France,63.815,Democratic Republic of the Congo
2015,France,32.553,Benin
2015,France,9.154,Ethiopia
2015,France,22.422,Gabon
2015,France,0.963,Gambia
2015,France,3.918,Ghana
2015,France,50.068,Guinea
2015,France,0.539,Guinea-Bissau
2015,France,3.372,Equatorial Guinea
2015,France,278.76,Côte d'Ivoire
2015,France,11.973,Kenya
2015,France,0.158,Lesotho
2015,France,1.025,Liberia
2015,France,57.88,Madagascar
2015,France,2.488,Malawi
2015,France,139.634,Mali
2015,France,18.768,Mauritania
2015,France,12.78,Mauritius
2015,France,8.655,Mozambique
2015,France,47.947,Niger
2015,France,7.484,Nigeria
2015,France,1.815,Zimbabwe
2015,France,4.565,Rwanda
2015,France,0.616,São Tomé and Principe
2015,France,92.795,Senegal
2015,France,2.067,Seychelles
2015,France,0.154,Eritrea
2015,France,0.205,Sierra Leone
2015,France,1.023,Somalia
2015,France,32.201,Djibouti
2015,France,0.609,Namibia
2015,France,3.808,Sudan
2015,France,0.842,South Sudan
2015,France,0.097,Swaziland
2015,France,2.516,Tanzania
2015,France,30.304,Togo
2015,France,1.698,Uganda
2015,France,44.642,Burkina Faso
2015,France,0.33,Zambia
2015,France,206.993,Morocco
2015,France,49.048,Tunisia
2015,France,98.554,Egypt
2015,France,192.865,South Africa
2015,France,121.941,Cameroon
2015,France,6.957,Cabo Verde
2015,France,12.618,Ethiopia
2015,France,63.74,Gabon
2015,France,47.319,Ghana
2015,France,90.642,Kenya
2015,France,44.37,Madagascar
2015,France,24.194,Mali
2015,France,5.611,Mauritania
2015,France,44.245,Mauritius
2015,France,62.651,Mozambique
2015,France,7.492,Niger
2015,France,25.141,Nigeria
2015,France,37.445,Senegal
2015,France,25.261,Djibouti
2015,France,25.569,Tanzania
2015,France,1.442,Togo
2015,France,8.874,Uganda
2015,France,36.69,Burkina Faso
2015,France,28.82,Zambia
2015,Germany,6.965,Algeria
2015,Germany,9.44,Libya
2015,Germany,47.09,Morocco
2015,Germany,55.037,Tunisia
2015,Germany,76.199,Egypt
2015,Germany,67.403,South Africa
2015,Germany,2.228,Angola
2015,Germany,0.106,Botswana
2015,Germany,17.418,Burundi
2015,Germany,73.167,Cameroon
2015,Germany,0.286,Cabo Verde
2015,Germany,37.671,Central African Republic
2015,Germany,15.142,Chad
2015,Germany,0.488,Congo
2015,Germany,87.025,Democratic Republic of the Congo
2015,Germany,38.38,Benin
2015,Germany,49.122,Ethiopia
2015,Germany,1.68,Gabon
2015,Germany,0.256,Gambia
2015,Germany,29.221,Ghana
2015,Germany,12.762,Guinea
2015,Germany,0.008,Guinea-Bissau
2015,Germany,0.005,Equatorial Guinea
2015,Germany,15.847,Côte d'Ivoire
2015,Germany,66.604,Kenya
2015,Germany,4.741,Lesotho
2015,Germany,14.652,Liberia
2015,Germany,19.976,Madagascar
2015,Germany,41.38,Malawi
2015,Germany,43.449,Mali
2015,Germany,17.059,Mauritania
2015,Germany,0.373,Mauritius
2015,Germany,64.778,Mozambique
2015,Germany,24.422,Niger
2015,Germany,34.244,Nigeria
2015,Germany,28.323,Zimbabwe
2015,Germany,35.376,Rwanda
2015,Germany,0.004,São Tomé and Principe
2015,Germany,19.079,Senegal
2015,Germany,0.023,Seychelles
2015,Germany,0.603,Eritrea
2015,Germany,25.28,Sierra Leone
2015,Germany,29.146,Somalia
2015,Germany,1.428,Djibouti
2015,Germany,36.256,Namibia
2015,Germany,16.825,Sudan
2015,Germany,56.741,South Sudan
2015,Germany,0.118,Swaziland
2015,Germany,60.101,Tanzania
2015,Germany,34.212,Togo
2015,Germany,52.84,Uganda
2015,Germany,47.39,Burkina Faso
2015,Germany,31.994,Zambia
2015,Germany,346,Morocco
2015,Germany,55.796,Tunisia
2015,Germany,153.12,Egypt
2015,Germany,354.552,South Africa
2015,Germany,29.093,Ghana
2015,Germany,4.07,Kenya
2015,Germany,14.204,Mozambique
2015,Germany,27.732,Namibia
2015,Germany,33.051,Tanzania
2015,Italy,1.244,Algeria
2015,Italy,1.705,Libya
2015,Italy,10.092,Morocco
2015,Italy,7.453,Tunisia
2015,Italy,26.494,Egypt
2015,Italy,0.933,South Africa
2015,Italy,1.93,Angola
2015,Italy,0.083,Botswana
2015,Italy,1.365,Burundi
2015,Italy,2.545,Cameroon
2015,Italy,0.235,Cabo Verde
2015,Italy,5.274,Central African Republic
2015,Italy,0.792,Chad
2015,Italy,0.017,Comoros
2015,Italy,0.884,Congo
2015,Italy,8.386,Democratic Republic of the Congo
2015,Italy,2.369,Benin
2015,Italy,30.493,Ethiopia
2015,Italy,0.074,Gabon
2015,Italy,0.004,Gambia
2015,Italy,2.465,Ghana
2015,Italy,0.122,Guinea
2015,Italy,0.525,Guinea-Bissau
2015,Italy,0.133,Equatorial Guinea
2015,Italy,1.289,Côte d'Ivoire
2015,Italy,20.86,Kenya
2015,Italy,3.371,Madagascar
2015,Italy,0.663,Malawi
2015,Italy,4.124,Mali
2015,Italy,2.068,Mauritania
2015,Italy,19.558,Mozambique
2015,Italy,2.658,Niger
2015,Italy,0.718,Nigeria
2015,Italy,0.571,Zimbabwe
2015,Italy,2.644,Rwanda
2015,Italy,0.29,São Tomé and Principe
2015,Italy,14.38,Senegal
2015,Italy,0.67,Eritrea
2015,Italy,7.128,Sierra Leone
2015,Italy,13.444,Somalia
2015,Italy,4.263,Djibouti
2015,Italy,0.016,Namibia
2015,Italy,13.928,Sudan
2015,Italy,12.758,South Sudan
2015,Italy,0.024,Swaziland
2015,Italy,4.814,Tanzania
2015,Italy,2.1,Togo
2015,Italy,3.462,Uganda
2015,Italy,8.253,Burkina Faso
2015,Italy,0.513,Zambia
2015,Italy,22.015,Tunisia
2015,Italy,4.437,Egypt
2015,Italy,4.437,Ethiopia
2015,Italy,0.053,Kenya
2015,Italy,2.354,Senegal
2015,Netherlands,0.014,Algeria
2015,Netherlands,0.506,Libya
2015,Netherlands,1.073,Morocco
2015,Netherlands,0.317,Tunisia
2015,Netherlands,0.778,Egypt
2015,Netherlands,2.865,South Africa
2015,Netherlands,0.005,Botswana
2015,Netherlands,27.03,Burundi
2015,Netherlands,11.862,Central African Republic
2015,Netherlands,7.089,Democratic Republic of the Congo
2015,Netherlands,17.753,Benin
2015,Netherlands,80.48,Ethiopia
2015,Netherlands,32.48,Ghana
2015,Netherlands,19.193,Kenya
2015,Netherlands,0.017,Liberia
2015,Netherlands,37.466,Mali
2015,Netherlands,35.083,Mozambique
2015,Netherlands,7.44,Nigeria
2015,Netherlands,1.553,Zimbabwe
2015,Netherlands,40.83,Rwanda
2015,Netherlands,0.026,Senegal
2015,Netherlands,2.286,Somalia
2015,Netherlands,3.589,Sudan
2015,Netherlands,42.08,South Sudan
2015,Netherlands,14.689,Uganda
2015,Netherlands,0.01,Zambia
2015,Norway,0.735,Algeria
2015,Norway,0.029,Libya
2015,Norway,0.382,Morocco
2015,Norway,3.126,Tunisia
2015,Norway,4.412,Egypt
2015,Norway,9.83,South Africa
2015,Norway,6.598,Angola
2015,Norway,0.071,Botswana
2015,Norway,5.469,Burundi
2015,Norway,0.69,Cameroon
2015,Norway,10.102,Central African Republic
2015,Norway,0.744,Chad
2015,Norway,0.24,Congo
2015,Norway,24.427,Democratic Republic of the Congo
2015,Norway,0.019,Benin
2015,Norway,48.672,Ethiopia
2015,Norway,0.065,Gabon
2015,Norway,0.141,Gambia
2015,Norway,4.1,Ghana
2015,Norway,0.142,Guinea
2015,Norway,0.165,Guinea-Bissau
2015,Norway,1.078,Côte d'Ivoire
2015,Norway,13.932,Kenya
2015,Norway,0.726,Lesotho
2015,Norway,36.084,Liberia
2015,Norway,6.547,Madagascar
2015,Norway,73.391,Malawi
2015,Norway,17.272,Mali
2015,Norway,0.766,Mauritania
2015,Norway,32.79,Mozambique
2015,Norway,11.196,Niger
2015,Norway,17.684,Nigeria
2015,Norway,16.577,Zimbabwe
2015,Norway,2.197,Rwanda
2015,Norway,0.333,Senegal
2015,Norway,1.37,Eritrea
2015,Norway,6.952,Sierra Leone
2015,Norway,43.127,Somalia
2015,Norway,0.254,Djibouti
2015,Norway,1.412,Namibia
2015,Norway,17.237,Sudan
2015,Norway,62.243,South Sudan
2015,Norway,0.626,Swaziland
2015,Norway,48.46,Tanzania
2015,Norway,0.644,Togo
2015,Norway,46.545,Uganda
2015,Norway,0.506,Burkina Faso
2015,Norway,22.423,Zambia
2015,Portugal,0.178,Algeria
2015,Portugal,0.347,Morocco
2015,Portugal,0.067,Tunisia
2015,Portugal,0.111,Egypt
2015,Portugal,1.259,South Africa
2015,Portugal,4.952,Angola
2015,Portugal,0.033,Botswana
2015,Portugal,20.034,Cabo Verde
2015,Portugal,0.065,Central African Republic
2015,Portugal,0.025,Congo
2015,Portugal,0.04,Democratic Republic of the Congo
2015,Portugal,0.039,Ethiopia
2015,Portugal,0.013,Gambia
2015,Portugal,0.014,Ghana
2015,Portugal,0.053,Guinea
2015,Portugal,13.858,Guinea-Bissau
2015,Portugal,0.071,Equatorial Guinea
2015,Portugal,0.04,Côte d'Ivoire
2015,Portugal,0.002,Liberia
2015,Portugal,0.148,Mali
2015,Portugal,0.004,Mauritania
2015,Portugal,27.451,Mozambique
2015,Portugal,0.002,Nigeria
2015,Portugal,0.047,Zimbabwe
2015,Portugal,0.215,Rwanda
2015,Portugal,9.546,São Tomé and Principe
2015,Portugal,0.295,Senegal
2015,Portugal,0.016,Sierra Leone
2015,Portugal,0.114,Somalia
2015,Portugal,0.351,Namibia
2015,Portugal,0.089,Swaziland
2015,Portugal,0.008,Tanzania
2015,Portugal,0.006,Togo
2015,Portugal,0.002,Burkina Faso
2015,Portugal,11.531,Morocco
2015,Portugal,3.577,Angola
2015,Portugal,31.932,Cabo Verde
2015,Portugal,5.528,Mozambique
2015,Portugal,15.616,São Tomé and Principe
2015,Sweden,1.547,Algeria
2015,Sweden,2.779,Libya
2015,Sweden,0.313,Morocco
2015,Sweden,3.641,Tunisia
2015,Sweden,6.624,Egypt
2015,Sweden,4.5,South Africa
2015,Sweden,1.224,Angola
2015,Sweden,0.3,Botswana
2015,Sweden,0.275,Burundi
2015,Sweden,1.674,Cameroon
2015,Sweden,0.037,Cabo Verde
2015,Sweden,9.448,Central African Republic
2015,Sweden,7.071,Chad
2015,Sweden,53.557,Democratic Republic of the Congo
2015,Sweden,0.653,Benin
2015,Sweden,35.138,Ethiopia
2015,Sweden,0.701,Gambia
2015,Sweden,0.852,Ghana
2015,Sweden,1.007,Guinea
2015,Sweden,0.109,Guinea-Bissau
2015,Sweden,0.809,Côte d'Ivoire
2015,Sweden,64.686,Kenya
2015,Sweden,0.1,Lesotho
2015,Sweden,27.588,Liberia
2015,Sweden,1.135,Madagascar
2015,Sweden,3.069,Malawi
2015,Sweden,32.371,Mali
2015,Sweden,0.691,Mauritania
2015,Sweden,0.011,Mauritius
2015,Sweden,94.604,Mozambique
2015,Sweden,5.714,Niger
2015,Sweden,5.27,Nigeria
2015,Sweden,32.208,Zimbabwe
2015,Sweden,32.785,Rwanda
2015,Sweden,0.799,Senegal
2015,Sweden,0.026,Eritrea
2015,Sweden,2.213,Sierra Leone
2015,Sweden,61.169,Somalia
2015,Sweden,0.8,Djibouti
2015,Sweden,1.102,Namibia
2015,Sweden,23.025,Sudan
2015,Sweden,39.575,South Sudan
2015,Sweden,0.25,Swaziland
2015,Sweden,109.244,Tanzania
2015,Sweden,1.28,Togo
2015,Sweden,41.779,Uganda
2015,Sweden,12.701,Burkina Faso
2015,Sweden,51.224,Zambia
2015,Switzerland,3.874,Algeria
2015,Switzerland,5.468,Libya
2015,Switzerland,9.687,Morocco
2015,Switzerland,26.866,Tunisia
2015,Switzerland,19.778,Egypt
2015,Switzerland,15.296,South Africa
2015,Switzerland,0.252,Angola
2015,Switzerland,7.206,Burundi
2015,Switzerland,4.061,Cameroon
2015,Switzerland,1.395,Cabo Verde
2015,Switzerland,10.355,Central African Republic
2015,Switzerland,26.821,Chad
2015,Switzerland,0.302,Congo
2015,Switzerland,21.512,Democratic Republic of the Congo
2015,Switzerland,26.007,Benin
2015,Switzerland,19.783,Ethiopia
2015,Switzerland,0.009,Gabon
2015,Switzerland,0.021,Gambia
2015,Switzerland,18.511,Ghana
2015,Switzerland,2.725,Guinea
2015,Switzerland,0.416,Guinea-Bissau
2015,Switzerland,2.503,Côte d'Ivoire
2015,Switzerland,11.861,Kenya
2015,Switzerland,0.473,Lesotho
2015,Switzerland,5.531,Liberia
2015,Switzerland,8.135,Madagascar
2015,Switzerland,0.489,Malawi
2015,Switzerland,36.164,Mali
2015,Switzerland,0.682,Mauritania
2015,Switzerland,41.126,Mozambique
2015,Switzerland,31.175,Niger
2015,Switzerland,7.673,Nigeria
2015,Switzerland,11.717,Zimbabwe
2015,Switzerland,4.787,Rwanda
2015,Switzerland,3.22,Senegal
2015,Switzerland,0.763,Eritrea
2015,Switzerland,0.081,Sierra Leone
2015,Switzerland,22.963,Somalia
2015,Switzerland,0.139,Djibouti
2015,Switzerland,0.442,Namibia
2015,Switzerland,15.369,Sudan
2015,Switzerland,31.996,South Sudan
2015,Switzerland,0.549,Swaziland
2015,Switzerland,32.56,Tanzania
2015,Switzerland,2.095,Togo
2015,Switzerland,2.403,Uganda
2015,Switzerland,38.777,Burkina Faso
2015,Switzerland,0.466,Zambia
2015,United Kingdom,4.088,Algeria
2015,United Kingdom,16.054,Libya
2015,United Kingdom,5.462,Morocco
2015,United Kingdom,9.642,Tunisia
2015,United Kingdom,18.659,Egypt
2015,United Kingdom,30.371,South Africa
2015,United Kingdom,1.981,Angola
2015,United Kingdom,1.614,Botswana
2015,United Kingdom,0.313,Burundi
2015,United Kingdom,9.508,Cameroon
2015,United Kingdom,0.178,Cabo Verde
2015,United Kingdom,27.937,Central African Republic
2015,United Kingdom,0.007,Comoros
2015,United Kingdom,218.568,Democratic Republic of the Congo
2015,United Kingdom,518.167,Ethiopia
2015,United Kingdom,14.58,Gambia
2015,United Kingdom,96.834,Ghana
2015,United Kingdom,0.483,Guinea
2015,United Kingdom,0.027,Guinea-Bissau
2015,United Kingdom,1.067,Côte d'Ivoire
2015,United Kingdom,238.481,Kenya
2015,United Kingdom,0.656,Lesotho
2015,United Kingdom,16.305,Liberia
2015,United Kingdom,2.043,Madagascar
2015,United Kingdom,136.119,Malawi
2015,United Kingdom,2.858,Mali
2015,United Kingdom,0.181,Mauritania
2015,United Kingdom,1.191,Mauritius
2015,United Kingdom,77.195,Mozambique
2015,United Kingdom,401.835,Nigeria
2015,United Kingdom,142.362,Zimbabwe
2015,United Kingdom,154.791,Rwanda
2015,United Kingdom,1.666,Senegal
2015,United Kingdom,0.494,Seychelles
2015,United Kingdom,0.464,Eritrea
2015,United Kingdom,340.03,Sierra Leone
2015,United Kingdom,186.14,Somalia
2015,United Kingdom,0.029,Djibouti
2015,United Kingdom,0.454,Namibia
2015,United Kingdom,93.673,Saint Helena
2015,United Kingdom,83.614,Sudan
2015,United Kingdom,318.13,South Sudan
2015,United Kingdom,0.258,Swaziland
2015,United Kingdom,313.028,Tanzania
2015,United Kingdom,0.052,Togo
2015,United Kingdom,188.969,Uganda
2015,United Kingdom,0.135,Burkina Faso
2015,United Kingdom,81.433,Zambia
2015,Finland,0.147,Algeria
2015,Finland,0.771,Libya
2015,Finland,0.302,Morocco
2015,Finland,0.652,Tunisia
2015,Finland,1.952,Egypt
2015,Finland,2.081,South Africa
2015,Finland,0.526,Angola
2015,Finland,0.412,Botswana
2015,Finland,0.764,Burundi
2015,Finland,0.609,Cameroon
2015,Finland,2.596,Central African Republic
2015,Finland,2.108,Chad
2015,Finland,0.005,Comoros
2015,Finland,0.022,Congo
2015,Finland,3.757,Democratic Republic of the Congo
2015,Finland,0.066,Benin
2015,Finland,23.967,Ethiopia
2015,Finland,0.454,Gambia
2015,Finland,1.468,Ghana
2015,Finland,0.031,Guinea
2015,Finland,0.468,Côte d'Ivoire
2015,Finland,21.204,Kenya
2015,Finland,0.551,Liberia
2015,Finland,0.233,Madagascar
2015,Finland,1.644,Malawi
2015,Finland,0.842,Mali
2015,Finland,0.226,Mauritania
2015,Finland,0.682,Mauritius
2015,Finland,26.333,Mozambique
2015,Finland,0.026,Niger
2015,Finland,0.223,Nigeria
2015,Finland,0.408,Zimbabwe
2015,Finland,0.07,Rwanda
2015,Finland,0.875,Senegal
2015,Finland,2.655,Eritrea
2015,Finland,0.841,Sierra Leone
2015,Finland,17.752,Somalia
2015,Finland,0.008,Djibouti
2015,Finland,4.274,Namibia
2015,Finland,4.498,Sudan
2015,Finland,8.424,South Sudan
2015,Finland,0.492,Swaziland
2015,Finland,29.039,Tanzania
2015,Finland,0.313,Togo
2015,Finland,6.122,Uganda
2015,Finland,0.525,Burkina Faso
2015,Finland,15.892,Zambia
2015,Finland,4.946,South Africa
2015,Finland,0.781,Ethiopia
2015,Finland,9.879,Kenya
2015,Finland,0.8,Mauritius
2015,Iceland,0.06,South Africa
2015,Iceland,0.42,Ethiopia
2015,Iceland,0.03,Gambia
2015,Iceland,0.12,Guinea-Bissau
2015,Iceland,4.59,Malawi
2015,Iceland,3.22,Mozambique
2015,Iceland,0.13,Somalia
2015,Iceland,0.01,Togo
2015,Iceland,3.38,Uganda
2015,Ireland,1.22,Libya
2015,Ireland,0.09,Egypt
2015,Ireland,6.32,South Africa
2015,Ireland,0.68,Angola
2015,Ireland,0.08,Botswana
2015,Ireland,1.55,Burundi
2015,Ireland,0.55,Cameroon
2015,Ireland,5.41,Central African Republic
2015,Ireland,1.2,Chad
2015,Ireland,0.11,Comoros
2015,Ireland,1.92,Congo
2015,Ireland,5.46,Democratic Republic of the Congo
2015,Ireland,0.03,Benin
2015,Ireland,38.78,Ethiopia
2015,Ireland,0.18,Gambia
2015,Ireland,0.43,Ghana
2015,Ireland,0.38,Guinea
2015,Ireland,0.27,Guinea-Bissau
2015,Ireland,0.01,Côte d'Ivoire
2015,Ireland,7.95,Kenya
2015,Ireland,0.46,Lesotho
2015,Ireland,7.66,Liberia
2015,Ireland,21.94,Malawi
2015,Ireland,1.37,Mali
2015,Ireland,0.26,Mauritania
2015,Ireland,40.92,Mozambique
2015,Ireland,2.16,Niger
2015,Ireland,1.3,Nigeria
2015,Ireland,7.23,Zimbabwe
2015,Ireland,2.37,Rwanda
2015,Ireland,0.24,Senegal
2015,Ireland,0.77,Eritrea
2015,Ireland,11.45,Sierra Leone
2015,Ireland,7.15,Somalia
2015,Ireland,0.11,Djibouti
2015,Ireland,5.78,Sudan
2015,Ireland,12.21,South Sudan
2015,Ireland,0.18,Swaziland
2015,Ireland,31.59,Tanzania
2015,Ireland,25.45,Uganda
2015,Ireland,0.24,Burkina Faso
2015,Ireland,19.29,Zambia
2015,Luxembourg,0.195,Morocco
2015,Luxembourg,0.53,Tunisia
2015,Luxembourg,0.142,Egypt
2015,Luxembourg,0.355,South Africa
2015,Luxembourg,0.848,Burundi
2015,Luxembourg,0.33,Cameroon
2015,Luxembourg,15.18,Cabo Verde
2015,Luxembourg,3.194,Central African Republic
2015,Luxembourg,0.114,Chad
2015,Luxembourg,3.186,Democratic Republic of the Congo
2015,Luxembourg,1.042,Benin
2015,Luxembourg,0.594,Ethiopia
2015,Luxembourg,0.072,Gambia
2015,Luxembourg,0.146,Ghana
2015,Luxembourg,0.717,Guinea
2015,Luxembourg,0.064,Côte d'Ivoire
2015,Luxembourg,0.574,Kenya
2015,Luxembourg,0.222,Lesotho
2015,Luxembourg,0.282,Madagascar
2015,Luxembourg,0.514,Malawi
2015,Luxembourg,14.104,Mali
2015,Luxembourg,0.111,Mauritania
2015,Luxembourg,23.636,Niger
2015,Luxembourg,0.832,Nigeria
2015,Luxembourg,0.111,Zimbabwe
2015,Luxembourg,0.39,Rwanda
2015,Luxembourg,0.004,São Tomé and Principe
2015,Luxembourg,20.249,Senegal
2015,Luxembourg,0.011,Sierra Leone
2015,Luxembourg,0.277,Somalia
2015,Luxembourg,0.115,Namibia
2015,Luxembourg,0.556,Sudan
2015,Luxembourg,3.449,South Sudan
2015,Luxembourg,0.222,Swaziland
2015,Luxembourg,0.175,Tanzania
2015,Luxembourg,1.102,Togo
2015,Luxembourg,0.079,Uganda
2015,Luxembourg,21.504,Burkina Faso
2015,Cyprus,0.006,Madagascar
2015,Cyprus,0.006,Malawi
2015,Greece,0.137,Algeria
2015,Greece,0.038,Libya
2015,Greece,0.069,Morocco
2015,Greece,0.215,Tunisia
2015,Greece,0.487,Egypt
2015,Greece,0.061,South Africa
2015,Greece,0.005,Burundi
2015,Greece,0.095,Cameroon
2015,Greece,0.005,Cabo Verde
2015,Greece,0.006,Central African Republic
2015,Greece,0.006,Chad
2015,Greece,0.231,Congo
2015,Greece,0.596,Democratic Republic of the Congo
2015,Greece,0.067,Ethiopia
2015,Greece,0.005,Gambia
2015,Greece,0.006,Côte d'Ivoire
2015,Greece,0.034,Kenya
2015,Greece,0.023,Nigeria
2015,Greece,0.024,Zimbabwe
2015,Greece,0.008,São Tomé and Principe
2015,Greece,0.006,Senegal
2015,Greece,0.008,Sierra Leone
2015,Greece,0.006,Somalia
2015,Greece,0.003,Djibouti
2015,Greece,0.042,Sudan
2015,Greece,0.011,Togo
2015,Greece,0.037,Uganda
2015,Greece,0.006,Burkina Faso
2015,Greece,0.002,Zambia
2015,Malta,0.008,Morocco
2015,Malta,0.013,Egypt
2015,Malta,0.037,Ethiopia
2015,Malta,0.056,Kenya
2015,Malta,0.003,Madagascar
2015,Malta,0.017,Malawi
2015,Malta,0.028,Somalia
2015,Malta,0.05,South Sudan
2015,Malta,0.047,Tanzania
2015,Malta,0.036,Uganda
2015,Spain,2.048,Algeria
2015,Spain,0.256,Libya
2015,Spain,25.381,Morocco
2015,Spain,0.743,Tunisia
2015,Spain,0.868,Egypt
2015,Spain,0.051,South Africa
2015,Spain,0.099,Angola
2015,Spain,0,Botswana
2015,Spain,0.373,Burundi
2015,Spain,0.757,Cameroon
2015,Spain,0.411,Cabo Verde
2015,Spain,1.819,Central African Republic
2015,Spain,0.321,Chad
2015,Spain,0.123,Congo
2015,Spain,4.325,Democratic Republic of the Congo
2015,Spain,0.209,Benin
2015,Spain,6.954,Ethiopia
2015,Spain,0.019,Gabon
2015,Spain,0.207,Gambia
2015,Spain,0.111,Ghana
2015,Spain,1.215,Guinea
2015,Spain,1.565,Guinea-Bissau
2015,Spain,2.194,Equatorial Guinea
2015,Spain,0.449,Côte d'Ivoire
2015,Spain,0.369,Kenya
2015,Spain,0.734,Liberia
2015,Spain,0.037,Madagascar
2015,Spain,0.102,Malawi
2015,Spain,9.587,Mali
2015,Spain,15.922,Mauritania
2015,Spain,0.001,Mauritius
2015,Spain,11.817,Mozambique
2015,Spain,7.445,Niger
2015,Spain,0.327,Nigeria
2015,Spain,0.251,Zimbabwe
2015,Spain,0.568,Rwanda
2015,Spain,12.051,Senegal
2015,Spain,0.12,Eritrea
2015,Spain,1.323,Sierra Leone
2015,Spain,0.778,Somalia
2015,Spain,0.016,Namibia
2015,Spain,0.121,Sudan
2015,Spain,0.801,South Sudan
2015,Spain,0.431,Tanzania
2015,Spain,0.255,Togo
2015,Spain,0.178,Uganda
2015,Spain,0.798,Burkina Faso
2015,Spain,0.002,Zambia
2015,Spain,1.132,Morocco
2015,Spain,2.451,Tunisia
2015,Spain,0.28,Cabo Verde
2015,Spain,1.021,Ghana
2015,Spain,0.203,Mauritania
2015,Spain,0.952,Senegal
2015,Turkey,1.59,Algeria
2015,Turkey,0.94,Libya
2015,Turkey,0.64,Morocco
2015,Turkey,1.35,Tunisia
2015,Turkey,0.08,Egypt
2015,Turkey,0.4,South Africa
2015,Turkey,0.08,Angola
2015,Turkey,0.04,Botswana
2015,Turkey,0.04,Burundi
2015,Turkey,0.3,Cameroon
2015,Turkey,0.43,Central African Republic
2015,Turkey,0.48,Chad
2015,Turkey,0.98,Comoros
2015,Turkey,0.14,Congo
2015,Turkey,0.17,Democratic Republic of the Congo
2015,Turkey,0.3,Benin
2015,Turkey,0.71,Ethiopia
2015,Turkey,0.07,Gabon
2015,Turkey,12.67,Gambia
2015,Turkey,0.28,Ghana
2015,Turkey,0.54,Guinea
2015,Turkey,0.23,Guinea-Bissau
2015,Turkey,0.18,Côte d'Ivoire
2015,Turkey,0.19,Kenya
2015,Turkey,0.02,Lesotho
2015,Turkey,1.27,Liberia
2015,Turkey,0.05,Madagascar
2015,Turkey,0.71,Mali
2015,Turkey,12.7,Mauritania
2015,Turkey,0.04,Mozambique
2015,Turkey,8.9,Niger
2015,Turkey,0.06,Nigeria
2015,Turkey,7.54,Senegal
2015,Turkey,0.21,Seychelles
2015,Turkey,0.6,Sierra Leone
2015,Turkey,314.82,Somalia
2015,Turkey,3.94,Djibouti
2015,Turkey,0.65,Namibia
2015,Turkey,21.96,Sudan
2015,Turkey,0.72,South Sudan
2015,Turkey,0.02,Swaziland
2015,Turkey,0.35,Tanzania
2015,Turkey,0.09,Togo
2015,Turkey,0.31,Uganda
2015,Turkey,0.91,Burkina Faso
2015,Turkey,0.07,Zambia
2015,Slovenia,0.026,Morocco
2015,Slovenia,0.053,Egypt
2015,Slovenia,0.073,Burundi
2015,Slovenia,0.008,Cabo Verde
2015,Slovenia,0.067,Kenya
2015,Slovenia,0.033,Mali
2015,Slovenia,0.027,Rwanda
2015,Slovenia,0.033,South Sudan
2015,Slovenia,0.027,Uganda
2015,Czech Republic,0.016,Morocco
2015,Czech Republic,0.055,Tunisia
2015,Czech Republic,0.075,Egypt
2015,Czech Republic,0.024,South Africa
2015,Czech Republic,0.006,Angola
2015,Czech Republic,0.017,Cabo Verde
2015,Czech Republic,0.098,Central African Republic
2015,Czech Republic,0.003,Democratic Republic of the Congo
2015,Czech Republic,0.012,Benin
2015,Czech Republic,3.231,Ethiopia
2015,Czech Republic,0.038,Gabon
2015,Czech Republic,0.04,Gambia
2015,Czech Republic,0.015,Ghana
2015,Czech Republic,0.096,Kenya
2015,Czech Republic,0.067,Malawi
2015,Czech Republic,0.068,Mozambique
2015,Czech Republic,0.081,Niger
2015,Czech Republic,0.019,Nigeria
2015,Czech Republic,0.075,Zimbabwe
2015,Czech Republic,0.036,Rwanda
2015,Czech Republic,0.04,Senegal
2015,Czech Republic,0.02,Djibouti
2015,Czech Republic,0.053,Namibia
2015,Czech Republic,0.011,Sudan
2015,Czech Republic,0.215,South Sudan
2015,Czech Republic,0.008,Tanzania
2015,Czech Republic,0.081,Uganda
2015,Czech Republic,0.598,Zambia
2015,Slovakia,0.01,Benin
2015,Slovakia,0.01,Ethiopia
2015,Slovakia,1.32,Kenya
2015,Slovakia,0.02,Lesotho
2015,Slovakia,0.03,Rwanda
2015,Slovakia,0.01,Sudan
2015,Slovakia,0.17,South Sudan
2015,Slovakia,0.02,Uganda
2015,Bulgaria,0.03,Somalia
2015,Hungary,0.724,Algeria
2015,Hungary,0.02,Libya
2015,Hungary,0.137,Morocco
2015,Hungary,0.684,Tunisia
2015,Hungary,0.035,Egypt
2015,Hungary,0.003,South Africa
2015,Hungary,0.103,Angola
2015,Hungary,0,Burundi
2015,Hungary,0.04,Cameroon
2015,Hungary,0.001,Congo
2015,Hungary,0.005,Democratic Republic of the Congo
2015,Hungary,0,Benin
2015,Hungary,0.057,Ethiopia
2015,Hungary,0.031,Gambia
2015,Hungary,0.023,Ghana
2015,Hungary,0.002,Côte d'Ivoire
2015,Hungary,0.035,Kenya
2015,Hungary,0,Madagascar
2015,Hungary,0.012,Mauritius
2015,Hungary,0,Mozambique
2015,Hungary,0,Niger
2015,Hungary,0.951,Nigeria
2015,Hungary,0.002,Zimbabwe
2015,Hungary,0.002,Rwanda
2015,Hungary,0,Senegal
2015,Hungary,0.002,Seychelles
2015,Hungary,0.002,Eritrea
2015,Hungary,0.016,Sierra Leone
2015,Hungary,0.018,Somalia
2015,Hungary,0.036,Namibia
2015,Hungary,0.036,Sudan
2015,Hungary,0.011,South Sudan
2015,Hungary,0.014,Tanzania
2015,Hungary,0,Togo
2015,Hungary,0.028,Uganda
2015,Hungary,0,Burkina Faso
2015,Hungary,0.001,Zambia
2015,Poland,0.002,Algeria
2015,Poland,0.004,Libya
2015,Poland,0.023,Morocco
2015,Poland,0.268,Tunisia
2015,Poland,0.055,Egypt
2015,Poland,0.061,South Africa
2015,Poland,0.195,Angola
2015,Poland,0.008,Burundi
2015,Poland,0.012,Cameroon
2015,Poland,0.002,Cabo Verde
2015,Poland,0.002,Congo
2015,Poland,0.014,Democratic Republic of the Congo
2015,Poland,0.006,Benin
2015,Poland,0.515,Ethiopia
2015,Poland,0.002,Gambia
2015,Poland,0.024,Ghana
2015,Poland,0.002,Guinea
2015,Poland,0.002,Equatorial Guinea
2015,Poland,0.65,Kenya
2015,Poland,0.01,Liberia
2015,Poland,0.016,Malawi
2015,Poland,0.009,Mali
2015,Poland,0.021,Mauritania
2015,Poland,0.019,Nigeria
2015,Poland,0.024,Zimbabwe
2015,Poland,0.124,Rwanda
2015,Poland,0.002,Senegal
2015,Poland,0.005,Sudan
2015,Poland,0.009,South Sudan
2015,Poland,0.46,Tanzania
2015,Poland,0.232,Uganda
2015,Poland,0.02,Burkina Faso
2015,Poland,0.048,Zambia
2015,Poland,14.607,Angola
2015,Poland,26.772,Ethiopia
2015,Romania,0.086,Algeria
2015,Romania,0.019,Libya
2015,Romania,0.851,Morocco
2015,Romania,1.456,Tunisia
2015,Romania,0.192,Egypt
2015,Romania,0.209,Angola
2015,Romania,0.001,Botswana
2015,Romania,0.012,Burundi
2015,Romania,0.037,Cameroon
2015,Romania,0.002,Central African Republic
2015,Romania,0.001,Chad
2015,Romania,0.016,Congo
2015,Romania,0.003,Benin
2015,Romania,0.008,Ethiopia
2015,Romania,0.003,Gabon
2015,Romania,0.022,Ghana
2015,Romania,0.011,Guinea
2015,Romania,0.017,Côte d'Ivoire
2015,Romania,0.032,Kenya
2015,Romania,0.002,Madagascar
2015,Romania,0.107,Mauritius
2015,Romania,0.526,Nigeria
2015,Romania,0.036,Zimbabwe
2015,Romania,0.006,Rwanda
2015,Romania,0.004,Senegal
2015,Romania,0.001,Seychelles
2015,Romania,0.006,Somalia
2015,Romania,0.001,Namibia
2015,Romania,0.037,Sudan
2015,Romania,0.01,Tanzania
2015,Romania,0.003,Togo
2015,Romania,0.004,Uganda
2015,Romania,0.002,Zambia
2015,Estonia,0.099,Ethiopia
2015,Estonia,0.02,Ghana
2015,Estonia,0.006,Côte d'Ivoire
2015,Estonia,0.032,Kenya
2015,Estonia,0.014,São Tomé and Principe
2015,Estonia,0.029,Sierra Leone
2015,Estonia,0.088,Uganda
2015,Latvia,0.013,Egypt
2015,Lithuania,0,Morocco
2015,Lithuania,0.011,Ethiopia
2015,Lithuania,0.011,Malawi
2015,Russia,0.6,Morocco
2015,Russia,1.123,Tunisia
2015,Russia,0.776,Egypt
2015,Russia,0.056,Angola
2015,Russia,0.113,Botswana
2015,Russia,0.151,Cameroon
2015,Russia,1.212,Congo
2015,Russia,0.086,Benin
2015,Russia,0.181,Ethiopia
2015,Russia,6.255,Guinea
2015,Russia,2.479,Liberia
2015,Russia,7.996,Mozambique
2015,Russia,2.479,Sierra Leone
2015,Russia,0.059,Namibia
2015,Russia,1.544,Sudan
2015,Russia,1.368,Tanzania
2015,Russia,1.084,Uganda
2015,Canada,0.078,Algeria
2015,Canada,1.267,Libya
2015,Canada,6.08,Morocco
2015,Canada,1.509,Tunisia
2015,Canada,14.281,Egypt
2015,Canada,4.36,South Africa
2015,Canada,0.055,Angola
2015,Canada,0.628,Botswana
2015,Canada,4.205,Burundi
2015,Canada,3.902,Cameroon
2015,Canada,17.589,Central African Republic
2015,Canada,5.367,Chad
2015,Canada,0.324,Congo
2015,Canada,34.876,Democratic Republic of the Congo
2015,Canada,6.631,Benin
2015,Canada,103.243,Ethiopia
2015,Canada,0.107,Gabon
2015,Canada,0.044,Gambia
2015,Canada,74.718,Ghana
2015,Canada,15.495,Guinea
2015,Canada,0.1,Equatorial Guinea
2015,Canada,3.594,Côte d'Ivoire
2015,Canada,34.924,Kenya
2015,Canada,0.017,Lesotho
2015,Canada,6.683,Liberia
2015,Canada,3.648,Madagascar
2015,Canada,8.647,Malawi
2015,Canada,87.995,Mali
2015,Canada,0.774,Mauritania
2015,Canada,0.036,Mauritius
2015,Canada,42.425,Mozambique
2015,Canada,10.53,Niger
2015,Canada,28.777,Nigeria
2015,Canada,4.536,Zimbabwe
2015,Canada,3.047,Rwanda
2015,Canada,0.098,São Tomé and Principe
2015,Canada,57.815,Senegal
2015,Canada,1.182,Eritrea
2015,Canada,13.094,Sierra Leone
2015,Canada,20.745,Somalia
2015,Canada,0.782,Djibouti
2015,Canada,12.653,Sudan
2015,Canada,88.054,South Sudan
2015,Canada,0.275,Swaziland
2015,Canada,82.733,Tanzania
2015,Canada,0.314,Togo
2015,Canada,8.716,Uganda
2015,Canada,24.307,Burkina Faso
2015,Canada,2.802,Zambia
2015,United States,4.876,Algeria
2015,United States,20.761,Libya
2015,United States,30.956,Morocco
2015,United States,20.723,Tunisia
2015,United States,106.55,Egypt
2015,United States,336.773,South Africa
2015,United States,63.742,Angola
2015,United States,50.432,Botswana
2015,United States,42.008,Burundi
2015,United States,81.366,Cameroon
2015,United States,11.761,Cabo Verde
2015,United States,68.128,Central African Republic
2015,United States,79.08,Chad
2015,United States,1.06,Comoros
2015,United States,2.542,Congo
2015,United States,769.694,Democratic Republic of the Congo
2015,United States,35.726,Benin
2015,United States,747.617,Ethiopia
2015,United States,8.635,Gabon
2015,United States,2.328,Gambia
2015,United States,184.991,Ghana
2015,United States,76.737,Guinea
2015,United States,3.4,Guinea-Bissau
2015,United States,0.19,Equatorial Guinea
2015,United States,69.477,Côte d'Ivoire
2015,United States,714.049,Kenya
2015,United States,26.523,Lesotho
2015,United States,514.217,Liberia
2015,United States,153.114,Madagascar
2015,United States,249.166,Malawi
2015,United States,162.775,Mali
2015,United States,24.314,Mauritania
2015,United States,0.157,Mauritius
2015,United States,302.678,Mozambique
2015,United States,112.026,Niger
2015,United States,492.842,Nigeria
2015,United States,155.849,Zimbabwe
2015,United States,198.457,Rwanda
2015,United States,0.707,São Tomé and Principe
2015,United States,268.66,Senegal
2015,United States,0.032,Seychelles
2015,United States,0.08,Eritrea
2015,United States,112.787,Sierra Leone
2015,United States,207.205,Somalia
2015,United States,5.657,Djibouti
2015,United States,62.312,Namibia
2015,United States,274.094,Sudan
2015,United States,598.062,South Sudan
2015,United States,36.098,Swaziland
2015,United States,453.427,Tanzania
2015,United States,3.043,Togo
2015,United States,414.125,Uganda
2015,United States,58.631,Burkina Faso
2015,United States,267.928,Zambia
2015,Israel,0.082,Morocco
2015,Israel,0.333,South Africa
2015,Israel,0.013,Angola
2015,Israel,0.093,Botswana
2015,Israel,0.007,Burundi
2015,Israel,0.099,Cameroon
2015,Israel,0.002,Cabo Verde
2015,Israel,0.002,Central African Republic
2015,Israel,0.003,Chad
2015,Israel,0.007,Congo
2015,Israel,0.003,Democratic Republic of the Congo
2015,Israel,0.006,Benin
2015,Israel,0.13,Ethiopia
2015,Israel,0.002,Gambia
2015,Israel,0.743,Ghana
2015,Israel,0.022,Côte d'Ivoire
2015,Israel,0.444,Kenya
2015,Israel,0.015,Liberia
2015,Israel,0.018,Madagascar
2015,Israel,0.031,Malawi
2015,Israel,0.002,Mali
2015,Israel,0.057,Nigeria
2015,Israel,0.007,Zimbabwe
2015,Israel,0.021,Rwanda
2015,Israel,0.095,Senegal
2015,Israel,0.002,Seychelles
2015,Israel,0.001,Eritrea
2015,Israel,0.009,Sierra Leone
2015,Israel,0.003,Djibouti
2015,Israel,0.048,South Sudan
2015,Israel,0.002,Swaziland
2015,Israel,0.029,Tanzania
2015,Israel,0.01,Togo
2015,Israel,0.031,Uganda
2015,Israel,0.341,Burkina Faso
2015,Israel,0.003,Zambia
2015,Kuwait,56.063,Morocco
2015,Kuwait,0.858,Egypt
2015,Kuwait,0.664,Central African Republic
2015,Kuwait,0.03,Gambia
2015,Kuwait,0.299,Liberia
2015,Kuwait,1.457,Niger
2015,Kuwait,1.078,Somalia
2015,Kuwait,4.838,Djibouti
2015,Kuwait,1.708,Sudan
2015,Kuwait,0.127,Tanzania
2015,Kuwait,50.306,Morocco
2015,Kuwait,11.168,Tunisia
2015,Kuwait,68.441,Egypt
2015,Kuwait,0.764,Cabo Verde
2015,Kuwait,6.64,Benin
2015,Kuwait,9.34,Ethiopia
2015,Kuwait,0.283,Gabon
2015,Kuwait,8.386,Gambia
2015,Kuwait,6.199,Guinea
2015,Kuwait,0.112,Côte d'Ivoire
2015,Kuwait,0.556,Kenya
2015,Kuwait,3.236,Lesotho
2015,Kuwait,0.144,Malawi
2015,Kuwait,11.897,Mali
2015,Kuwait,11.386,Mauritania
2015,Kuwait,0.131,Mozambique
2015,Kuwait,0.104,Niger
2015,Kuwait,6.18,Rwanda
2015,Kuwait,11.95,Senegal
2015,Kuwait,1.766,Sierra Leone
2015,Kuwait,10.41,Djibouti
2015,Kuwait,81.055,Sudan
2015,Kuwait,0.06,Swaziland
2015,Kuwait,8.822,Togo
2015,Kuwait,1.421,Uganda
2015,Kuwait,1.614,Burkina Faso
2015,United Arab Emirates,0.091,Algeria
2015,United Arab Emirates,62.667,Libya
2015,United Arab Emirates,64.976,Morocco
2015,United Arab Emirates,10.066,Tunisia
2015,United Arab Emirates,455.735,Egypt
2015,United Arab Emirates,0.526,South Africa
2015,United Arab Emirates,0.02,Botswana
2015,United Arab Emirates,0.143,Burundi
2015,United Arab Emirates,0.214,Cameroon
2015,United Arab Emirates,0.036,Central African Republic
2015,United Arab Emirates,2.02,Chad
2015,United Arab Emirates,0.853,Comoros
2015,United Arab Emirates,0.384,Congo
2015,United Arab Emirates,0.007,Democratic Republic of the Congo
2015,United Arab Emirates,0.297,Benin
2015,United Arab Emirates,1.512,Ethiopia
2015,United Arab Emirates,0.185,Gambia
2015,United Arab Emirates,2.788,Ghana
2015,United Arab Emirates,0.044,Guinea
2015,United Arab Emirates,0.012,Guinea-Bissau
2015,United Arab Emirates,0.451,Côte d'Ivoire
2015,United Arab Emirates,2.132,Kenya
2015,United Arab Emirates,0.005,Liberia
2015,United Arab Emirates,0.098,Madagascar
2015,United Arab Emirates,1.467,Malawi
2015,United Arab Emirates,5.351,Mali
2015,United Arab Emirates,35.929,Mauritania
2015,United Arab Emirates,1,Mozambique
2015,United Arab Emirates,0.651,Niger
2015,United Arab Emirates,0.34,Nigeria
2015,United Arab Emirates,0.003,Zimbabwe
2015,United Arab Emirates,0.594,Rwanda
2015,United Arab Emirates,0.816,Senegal
2015,United Arab Emirates,1.657,Seychelles
2015,United Arab Emirates,36.13,Eritrea
2015,United Arab Emirates,19.322,Somalia
2015,United Arab Emirates,12.92,Djibouti
2015,United Arab Emirates,0.006,Namibia
2015,United Arab Emirates,34.211,Sudan
2015,United Arab Emirates,1.336,South Sudan
2015,United Arab Emirates,2.536,Tanzania
2015,United Arab Emirates,0.258,Togo
2015,United Arab Emirates,1.025,Uganda
2015,United Arab Emirates,0.742,Burkina Faso
2015,United Arab Emirates,34.419,Morocco
2015,United Arab Emirates,1.688,Tunisia
2015,United Arab Emirates,2004.579,Egypt
2015,United Arab Emirates,0.898,Benin
2015,United Arab Emirates,0.738,Ethiopia
2015,United Arab Emirates,0.022,Gambia
2015,United Arab Emirates,5.913,Lesotho
2015,United Arab Emirates,1.898,Malawi
2015,United Arab Emirates,7.316,Mauritania
2015,United Arab Emirates,3.158,Sierra Leone
2015,United Arab Emirates,59.728,Sudan
2015,United Arab Emirates,1.429,Tanzania
2015,United Arab Emirates,1.375,Burkina Faso
2015,Japan,1.44,Algeria
2015,Japan,10.19,Morocco
2015,Japan,6.73,Tunisia
2015,Japan,27.2,Egypt
2015,Japan,10.26,South Africa
2015,Japan,1.94,Angola
2015,Japan,3.74,Botswana
2015,Japan,2.55,Burundi
2015,Japan,27.28,Cameroon
2015,Japan,4.2,Cabo Verde
2015,Japan,18.17,Central African Republic
2015,Japan,11.53,Chad
2015,Japan,4.36,Comoros
2015,Japan,0.94,Congo
2015,Japan,43.83,Democratic Republic of the Congo
2015,Japan,12.9,Benin
2015,Japan,54.2,Ethiopia
2015,Japan,2.71,Gabon
2015,Japan,2.64,Gambia
2015,Japan,25.22,Ghana
2015,Japan,26.25,Guinea
2015,Japan,3.49,Guinea-Bissau
2015,Japan,0.02,Equatorial Guinea
2015,Japan,22.03,Côte d'Ivoire
2015,Japan,81.86,Kenya
2015,Japan,1.9,Lesotho
2015,Japan,17.2,Liberia
2015,Japan,17.17,Madagascar
2015,Japan,26.63,Malawi
2015,Japan,20.96,Mali
2015,Japan,19.92,Mauritania
2015,Japan,1.82,Mauritius
2015,Japan,57.21,Mozambique
2015,Japan,27.69,Niger
2015,Japan,17.02,Nigeria
2015,Japan,6.68,Zimbabwe
2015,Japan,16.39,Rwanda
2015,Japan,1.53,São Tomé and Principe
2015,Japan,37.62,Senegal
2015,Japan,0.84,Seychelles
2015,Japan,2.74,Eritrea
2015,Japan,29.18,Sierra Leone
2015,Japan,25.46,Somalia
2015,Japan,17.84,Djibouti
2015,Japan,3.91,Namibia
2015,Japan,40.82,Sudan
2015,Japan,91.23,South Sudan
2015,Japan,0.94,Swaziland
2015,Japan,42.38,Tanzania
2015,Japan,4.24,Togo
2015,Japan,37.06,Uganda
2015,Japan,23.56,Burkina Faso
2015,Japan,20.61,Zambia
2015,Japan,80.07,Morocco
2015,Japan,40.61,Tunisia
2015,Japan,82.98,Egypt
2015,Japan,195.37,Angola
2015,Japan,0.69,Botswana
2015,Japan,6.1,Cameroon
2015,Japan,13.99,Cabo Verde
2015,Japan,141.69,Kenya
2015,Japan,0.31,Mauritius
2015,Japan,5.44,Mozambique
2015,Japan,68.31,Nigeria
2015,Japan,52.46,Tanzania
2015,Japan,33.42,Uganda
2015,Japan,3.73,Zambia
2015,Korea,3.969,Algeria
2015,Korea,0.85,Libya
2015,Korea,5.811,Morocco
2015,Korea,4.847,Tunisia
2015,Korea,1.749,Egypt
2015,Korea,0.236,South Africa
2015,Korea,1.591,Angola
2015,Korea,0.014,Botswana
2015,Korea,0.888,Burundi
2015,Korea,4.777,Cameroon
2015,Korea,0.534,Central African Republic
2015,Korea,0.041,Chad
2015,Korea,0.171,Comoros
2015,Korea,0.112,Congo
2015,Korea,9.705,Democratic Republic of the Congo
2015,Korea,0.125,Benin
2015,Korea,23.514,Ethiopia
2015,Korea,0.323,Gabon
2015,Korea,0.081,Gambia
2015,Korea,10.674,Ghana
2015,Korea,0.088,Guinea
2015,Korea,0.14,Guinea-Bissau
2015,Korea,0.029,Equatorial Guinea
2015,Korea,3.538,Côte d'Ivoire
2015,Korea,5.108,Kenya
2015,Korea,0.209,Lesotho
2015,Korea,1.306,Liberia
2015,Korea,0.45,Madagascar
2015,Korea,3.354,Malawi
2015,Korea,0.99,Mali
2015,Korea,0.012,Mauritius
2015,Korea,8.934,Mozambique
2015,Korea,0.534,Niger
2015,Korea,5.528,Nigeria
2015,Korea,2.517,Zimbabwe
2015,Korea,20.261,Rwanda
2015,Korea,6.763,Senegal
2015,Korea,1.419,Sierra Leone
2015,Korea,0.714,Somalia
2015,Korea,0.081,Djibouti
2015,Korea,0.016,Namibia
2015,Korea,5.533,Sudan
2015,Korea,3.064,South Sudan
2015,Korea,0.716,Swaziland
2015,Korea,19.514,Tanzania
2015,Korea,0.499,Togo
2015,Korea,14.67,Uganda
2015,Korea,0.317,Burkina Faso
2015,Korea,0.246,Zambia
2015,Korea,12.024,Angola
2015,Korea,11.919,Cameroon
2015,Korea,22.502,Ethiopia
2015,Korea,31.162,Ghana
2015,Korea,0.816,Kenya
2015,Korea,8.165,Mali
2015,Korea,33.355,Mozambique
2015,Korea,0.669,Rwanda
2015,Korea,3.543,Senegal
2015,Korea,51.779,Tanzania
2015,Korea,8.564,Uganda
2015,Thailand,0.017,Morocco
2015,Thailand,0.025,Egypt
2015,Thailand,0.029,Botswana
2015,Thailand,0.01,Cameroon
2015,Thailand,0.012,Comoros
2015,Thailand,0.019,Congo
2015,Thailand,0.027,Ethiopia
2015,Thailand,0.078,Gambia
2015,Thailand,0.007,Ghana
2015,Thailand,0.031,Guinea
2015,Thailand,0.02,Côte d'Ivoire
2015,Thailand,0.084,Kenya
2015,Thailand,0.017,Lesotho
2015,Thailand,0.04,Madagascar
2015,Thailand,0.112,Malawi
2015,Thailand,0.008,Mauritania
2015,Thailand,0.036,Mauritius
2015,Thailand,0.105,Mozambique
2015,Thailand,0.016,Nigeria
2015,Thailand,0.057,Zimbabwe
2015,Thailand,0.006,Senegal
2015,Thailand,0.005,Seychelles
2015,Thailand,0.078,Eritrea
2015,Thailand,0.004,Somalia
2015,Thailand,0.09,Sudan
2015,Thailand,0.021,Swaziland
2015,Thailand,0.177,Tanzania
2015,Thailand,0.025,Togo
2015,Thailand,0.109,Uganda
2015,Thailand,0.018,Zambia
2015,Timor Leste,0.5,Cabo Verde
2015,Australia,0.031,Algeria
2015,Australia,0.062,Morocco
2015,Australia,0.068,Tunisia
2015,Australia,1.526,Egypt
2015,Australia,2.001,South Africa
2015,Australia,0.05,Angola
2015,Australia,1.146,Botswana
2015,Australia,0.602,Burundi
2015,Australia,1.152,Cameroon
2015,Australia,0.115,Cabo Verde
2015,Australia,1.546,Central African Republic
2015,Australia,0.029,Chad
2015,Australia,0.101,Comoros
2015,Australia,0.105,Congo
2015,Australia,0.522,Democratic Republic of the Congo
2015,Australia,0.029,Benin
2015,Australia,3.878,Ethiopia
2015,Australia,0.019,Gabon
2015,Australia,0.395,Gambia
2015,Australia,2.977,Ghana
2015,Australia,0.063,Guinea
2015,Australia,0.006,Guinea-Bissau
2015,Australia,0.027,Equatorial Guinea
2015,Australia,0.185,Côte d'Ivoire
2015,Australia,7.707,Kenya
2015,Australia,1.039,Lesotho
2015,Australia,1.563,Liberia
2015,Australia,0.455,Madagascar
2015,Australia,5.444,Malawi
2015,Australia,0.221,Mali
2015,Australia,0.054,Mauritania
2015,Australia,0.591,Mauritius
2015,Australia,3.381,Mozambique
2015,Australia,0.273,Niger
2015,Australia,2.09,Nigeria
2015,Australia,8.15,Zimbabwe
2015,Australia,1.546,Rwanda
2015,Australia,0.036,São Tomé and Principe
2015,Australia,0.201,Senegal
2015,Australia,0.739,Seychelles
2015,Australia,0.032,Eritrea
2015,Australia,10.818,Sierra Leone
2015,Australia,7.183,Somalia
2015,Australia,0.035,Djibouti
2015,Australia,0.406,Namibia
2015,Australia,0.199,Sudan
2015,Australia,8.027,South Sudan
2015,Australia,0.8,Swaziland
2015,Australia,5.684,Tanzania
2015,Australia,0.192,Togo
2015,Australia,3.719,Uganda
2015,Australia,0.119,Burkina Faso
2015,Australia,2.929,Zambia
2015,New Zealand,0.03,Egypt
2015,New Zealand,0.11,South Africa
2015,New Zealand,0.61,Botswana
2015,New Zealand,0.21,Cameroon
2015,New Zealand,0.95,Comoros
2015,New Zealand,0.24,Ethiopia
2015,New Zealand,0.32,Ghana
2015,New Zealand,1.25,Kenya
2015,New Zealand,0.07,Malawi
2015,New Zealand,0.1,Mauritius
2015,New Zealand,0.17,Nigeria
2015,New Zealand,0.26,Zimbabwe
2015,New Zealand,0.21,Rwanda
2015,New Zealand,0.06,Seychelles
2015,New Zealand,0.01,Sierra Leone
2015,New Zealand,0.04,Somalia
2015,New Zealand,0.03,Namibia
2015,New Zealand,0.04,Swaziland
2015,New Zealand,0.75,Tanzania
2015,New Zealand,0.12,Uganda
2015,New Zealand,0.17,Zambia
